{
    "GNB": {
        "accuracy": 0.6363636363636364,
        "cw_accuracy": {
            "1": 0.9020979089442022,
            "2": 0.6573426813047076,
            "3": 0.7132867333365921
        },
        "recall": {
            "1": 0.9545454545454546,
            "2": 0.4603174603174603,
            "3": 0.7068965517241379
        },
        "precision": {
            "1": 0.6176470588235294,
            "2": 0.6590909090909091,
            "3": 0.6307692307692307
        },
        "f1_score": {
            "1": 0.75,
            "2": 0.5420560747663551,
            "3": 0.6666666666666666
        },
        "ROC-AUC": {
            "1": 0.9451540195341849,
            "2": 0.6830357142857143,
            "3": 0.7525354969574036
        }
    },
    "kNN": {
        "accuracy": 0.7692307692307693,
        "cw_accuracy": {
            "1": 0.9510489544721011,
            "2": 0.7832167983764476,
            "3": 0.8041958178884043
        },
        "recall": {
            "1": 0.9090909090909091,
            "2": 0.8253968253968254,
            "3": 0.6551724137931034
        },
        "precision": {
            "1": 0.8,
            "2": 0.7222222222222222,
            "3": 0.8260869565217391
        },
        "f1_score": {
            "1": 0.8510638297872342,
            "2": 0.7703703703703704,
            "3": 0.7307692307692308
        },
        "ROC-AUC": {
            "1": 0.9720135236664162,
            "2": 0.8406746031746032,
            "3": 0.8367139959432048
        }
    },
    "SVM-RBF": {
        "accuracy": 0.8181818181818182,
        "cw_accuracy": {
            "1": 0.9790209804880433,
            "2": 0.8321678439043466,
            "3": 0.825174837400361
        },
        "recall": {
            "1": 0.9545454545454546,
            "2": 0.9365079365079365,
            "3": 0.6379310344827587
        },
        "precision": {
            "1": 0.9130434782608695,
            "2": 0.7468354430379747,
            "3": 0.9024390243902439
        },
        "f1_score": {
            "1": 0.9333333333333332,
            "2": 0.8309859154929577,
            "3": 0.7474747474747474
        }
    },
    "Ensemble": {
        "accuracy": 0.8181818181818182,
        "cw_accuracy": {
            "1": 0.9720279739840577,
            "2": 0.8321678439043466,
            "3": 0.8321678439043466
        },
        "recall": {
            "1": 0.9545454545454546,
            "2": 0.9365079365079365,
            "3": 0.6379310344827587
        },
        "precision": {
            "1": 0.875,
            "2": 0.7468354430379747,
            "3": 0.925
        },
        "f1_score": {
            "1": 0.9130434782608695,
            "2": 0.8309859154929577,
            "3": 0.7551020408163266
        }
    },
    "RF": {
        "accuracy": 0.7762237762237763,
        "cw_accuracy": {
            "1": 0.9790209804880433,
            "2": 0.7902098048804332,
            "3": 0.7832167983764476
        },
        "recall": {
            "1": 0.9545454545454546,
            "2": 0.873015873015873,
            "3": 0.603448275862069
        },
        "precision": {
            "1": 0.9130434782608695,
            "2": 0.7142857142857143,
            "3": 0.813953488372093
        },
        "f1_score": {
            "1": 0.9333333333333332,
            "2": 0.7857142857142856,
            "3": 0.693069306930693
        },
        "ROC-AUC": {
            "1": 0.9939894815927874,
            "2": 0.859920634920635,
            "3": 0.845943204868154
        }
    },
    "CART": {
        "accuracy": 0.7272727272727273,
        "cw_accuracy": {
            "1": 0.9860139869920289,
            "2": 0.7342657528485488,
            "3": 0.7342657528485488
        },
        "recall": {
            "1": 0.9545454545454546,
            "2": 0.7777777777777778,
            "3": 0.5862068965517241
        },
        "precision": {
            "1": 0.9545454545454546,
            "2": 0.6712328767123288,
            "3": 0.7083333333333334
        },
        "f1_score": {
            "1": 0.9545454545454546,
            "2": 0.7205882352941178,
            "3": 0.6415094339622641
        },
        "ROC-AUC": {
            "1": 0.9731404958677686,
            "2": 0.7388888888888888,
            "3": 0.7107505070993915
        }
    },
    "XGB": {
        "accuracy": 0.7622377622377622,
        "cw_accuracy": {
            "1": 0.9790209804880433,
            "2": 0.7762237918724622,
            "3": 0.7692307853684766
        },
        "recall": {
            "1": 0.9545454545454546,
            "2": 0.8571428571428571,
            "3": 0.5862068965517241
        },
        "precision": {
            "1": 0.9130434782608695,
            "2": 0.7012987012987013,
            "3": 0.7906976744186046
        },
        "f1_score": {
            "1": 0.9333333333333332,
            "2": 0.7714285714285714,
            "3": 0.6732673267326732
        },
        "ROC-AUC": {
            "1": 0.9936138241923367,
            "2": 0.8503968253968255,
            "3": 0.8379310344827586
        }
    },
    "SVM-Lin": {
        "accuracy": 0.7062937062937062,
        "cw_accuracy": {
            "1": 0.9720279739840577,
            "2": 0.7202797398405777,
            "3": 0.7202797398405777
        },
        "recall": {
            "1": 0.9545454545454546,
            "2": 0.7936507936507936,
            "3": 0.5172413793103449
        },
        "precision": {
            "1": 0.875,
            "2": 0.6493506493506493,
            "3": 0.7142857142857143
        },
        "f1_score": {
            "1": 0.9130434782608695,
            "2": 0.7142857142857143,
            "3": 0.6000000000000001
        }
    },
    "SVM-Sig": {
        "accuracy": 0.5734265734265734,
        "cw_accuracy": {
            "1": 0.9720279739840577,
            "2": 0.5804196097608665,
            "3": 0.5944056227688376
        },
        "recall": {
            "1": 0.8636363636363636,
            "2": 1,
            "3": 0
        },
        "precision": {
            "1": 0.95,
            "2": 0.5121951219512195,
            "3": 0
        },
        "f1_score": {
            "1": 0.9047619047619048,
            "2": 0.6774193548387097,
            "3": 0
        }
    },
    "ADA": {
        "accuracy": 0.5804195804195804,
        "cw_accuracy": {
            "1": 0.9790209804880433,
            "2": 0.587412616264852,
            "3": 0.5944056227688376
        },
        "recall": {
            "1": 0.9090909090909091,
            "2": 1,
            "3": 0
        },
        "precision": {
            "1": 0.9523809523809523,
            "2": 0.5163934426229508,
            "3": 0
        },
        "f1_score": {
            "1": 0.9302325581395349,
            "2": 0.6810810810810811,
            "3": 0
        },
        "ROC-AUC": {
            "1": 0.9904207362885049,
            "2": 0.4910714285714286,
            "3": 0.7739350912778905
        }
    }
}