{"CART": {"accuracy": 0.8041958041958042, "recall": {"1": 0.9090909090909091, "2": 0.8095238095238095, "3": 0.7586206896551724}, "precision": {"1": 0.9523809523809523, "2": 0.7727272727272727, "3": 0.7857142857142857}, "f1_score": {"1": 0.9302325581395349, "2": 0.7906976744186046, "3": 0.7719298245614034}, "ROC-AUC": {"1": 0.992862509391435, "2": 0.8685515873015873, "3": 0.8457403651115619}}, "GNB": {"accuracy": 0.6153846153846154, "recall": {"1": 0.9545454545454546, "2": 0.38095238095238093, "3": 0.7413793103448276}, "precision": {"1": 0.6363636363636364, "2": 0.6486486486486487, "3": 0.589041095890411}, "f1_score": {"1": 0.7636363636363637, "2": 0.48, "3": 0.6564885496183207}, "ROC-AUC": {"1": 0.9521036814425244, "2": 0.7654761904761905, "3": 0.7410750507099392}}, "SVM-RBF": {"accuracy": 0.8321678321678322, "recall": {"1": 0.9545454545454546, "2": 0.873015873015873, "3": 0.7413793103448276}, "precision": {"1": 0.84, "2": 0.7971014492753623, "3": 0.8775510204081632}, "f1_score": {"1": 0.8936170212765958, "2": 0.8333333333333334, "3": 0.8037383177570093}}, "kNN": {"accuracy": 0.8111888111888111, "recall": {"1": 0.9545454545454546, "2": 0.8412698412698413, "3": 0.7241379310344828}, "precision": {"1": 0.9545454545454546, "2": 0.7681159420289855, "3": 0.8076923076923077}, "f1_score": {"1": 0.9545454545454546, "2": 0.8030303030303031, "3": 0.7636363636363636}, "ROC-AUC": {"1": 0.9984973703981969, "2": 0.8982142857142857, "3": 0.8920892494929005}}, "XGB": {"accuracy": 0.8111888111888111, "recall": {"1": 1.0, "2": 0.8571428571428571, "3": 0.6896551724137931}, "precision": {"1": 0.9565217391304348, "2": 0.7605633802816901, "3": 0.8163265306122449}, "f1_score": {"1": 0.9777777777777777, "2": 0.8059701492537313, "3": 0.7476635514018692}, "ROC-AUC": {"1": 0.9984973703981969, "2": 0.9128968253968254, "3": 0.9060851926977688}}, "Ensemble": {"accuracy": 0.8461538461538461, "recall": {"1": 1.0, "2": 0.9365079365079365, "3": 0.6896551724137931}, "precision": {"1": 0.9565217391304348, "2": 0.7763157894736842, "3": 0.9090909090909091}, "f1_score": {"1": 0.9777777777777777, "2": 0.8489208633093525, "3": 0.7843137254901961}}, "SVM-Sig": {"accuracy": 0.5594405594405595, "recall": {"1": 0.3181818181818182, "2": 0.5555555555555556, "3": 0.6551724137931034}, "precision": {"1": 0.4117647058823529, "2": 0.5223880597014925, "3": 0.6440677966101694}, "f1_score": {"1": 0.358974358974359, "2": 0.5384615384615385, "3": 0.6495726495726496}}, "RF": {"accuracy": 0.8041958041958042, "recall": {"1": 0.9545454545454546, "2": 0.9047619047619048, "3": 0.6379310344827587}, "precision": {"1": 0.9545454545454546, "2": 0.7307692307692307, "3": 0.8604651162790697}, "f1_score": {"1": 0.9545454545454546, "2": 0.8085106382978723, "3": 0.7326732673267328}, "ROC-AUC": {"1": 0.9992486851990984, "2": 0.9112103174603174, "3": 0.9095334685598376}}, "ADA": {"accuracy": 0.7552447552447552, "recall": {"1": 0.9090909090909091, "2": 0.8571428571428571, "3": 0.5862068965517241}, "precision": {"1": 0.9523809523809523, "2": 0.6835443037974683, "3": 0.7906976744186046}, "f1_score": {"1": 0.9302325581395349, "2": 0.7605633802816901, "3": 0.6732673267326732}, "ROC-AUC": {"1": 0.9922990232907588, "2": 0.7845238095238095, "3": 0.7883367139959432}}, "SVM-Lin": {"accuracy": 0.6853146853146853, "recall": {"1": 1.0, "2": 0.6984126984126984, "3": 0.5517241379310345}, "precision": {"1": 0.7586206896551724, "2": 0.6567164179104478, "3": 0.6808510638297872}, "f1_score": {"1": 0.8627450980392156, "2": 0.676923076923077, "3": 0.6095238095238096}}}