{"GNB": {"accuracy": 0.6573426573426573, "recall": {"1": 1.0, "2": 0.47619047619047616, "3": 0.7241379310344828}, "precision": {"1": 0.6470588235294118, "2": 0.6976744186046512, "3": 0.6363636363636364}, "f1_score": {"1": 0.7857142857142858, "2": 0.5660377358490566, "3": 0.6774193548387097}, "ROC-AUC": {"1": 0.9504132231404959, "2": 0.7593253968253968, "3": 0.7606490872210954}}, "kNN": {"accuracy": 0.8181818181818182, "recall": {"1": 0.9090909090909091, "2": 0.8888888888888888, "3": 0.7068965517241379}, "precision": {"1": 0.9523809523809523, "2": 0.7567567567567568, "3": 0.8541666666666666}, "f1_score": {"1": 0.9302325581395349, "2": 0.8175182481751826, "3": 0.7735849056603773}, "ROC-AUC": {"1": 0.9504132231404959, "2": 0.8319444444444444, "3": 0.8122718052738336}}, "Ensemble": {"accuracy": 0.8391608391608392, "recall": {"1": 0.9545454545454546, "2": 0.9682539682539683, "3": 0.6551724137931034}, "precision": {"1": 0.9130434782608695, "2": 0.7625, "3": 0.95}, "f1_score": {"1": 0.9333333333333332, "2": 0.8531468531468531, "3": 0.7755102040816326}}, "RF": {"accuracy": 0.8321678321678322, "recall": {"1": 0.9090909090909091, "2": 0.9841269841269841, "3": 0.6379310344827587}, "precision": {"1": 0.9523809523809523, "2": 0.7380952380952381, "3": 0.9736842105263158}, "f1_score": {"1": 0.9302325581395349, "2": 0.8435374149659863, "3": 0.7708333333333335}, "ROC-AUC": {"1": 0.9992486851990985, "2": 0.9288690476190476, "3": 0.9268762677484786}}, "SVM-Lin": {"accuracy": 0.7202797202797203, "recall": {"1": 1.0, "2": 0.6984126984126984, "3": 0.6379310344827587}, "precision": {"1": 0.9166666666666666, "2": 0.6984126984126984, "3": 0.6607142857142857}, "f1_score": {"1": 0.9565217391304348, "2": 0.6984126984126984, "3": 0.6491228070175439}}, "XGB": {"accuracy": 0.8251748251748252, "recall": {"1": 0.9090909090909091, "2": 0.9682539682539683, "3": 0.6379310344827587}, "precision": {"1": 0.9523809523809523, "2": 0.7349397590361446, "3": 0.9487179487179487}, "f1_score": {"1": 0.9302325581395349, "2": 0.8356164383561644, "3": 0.7628865979381444}, "ROC-AUC": {"1": 0.9977460555972952, "2": 0.9238095238095239, "3": 0.9103448275862069}}, "SVM-RBF": {"accuracy": 0.8111888111888111, "recall": {"1": 0.9090909090909091, "2": 0.9523809523809523, "3": 0.6206896551724138}, "precision": {"1": 0.8695652173913043, "2": 0.759493670886076, "3": 0.8780487804878049}, "f1_score": {"1": 0.888888888888889, "2": 0.8450704225352113, "3": 0.7272727272727273}}, "SVM-Sig": {"accuracy": 0.7342657342657343, "recall": {"1": 0.9090909090909091, "2": 0.8095238095238095, "3": 0.5862068965517241}, "precision": {"1": 0.8695652173913043, "2": 0.68, "3": 0.7555555555555555}, "f1_score": {"1": 0.888888888888889, "2": 0.7391304347826089, "3": 0.6601941747572815}}, "CART": {"accuracy": 0.7692307692307693, "recall": {"1": 0.9090909090909091, "2": 0.9365079365079365, "3": 0.5344827586206896}, "precision": {"1": 0.9523809523809523, "2": 0.6781609195402298, "3": 0.8857142857142857}, "f1_score": {"1": 0.9302325581395349, "2": 0.7866666666666666, "3": 0.6666666666666667}, "ROC-AUC": {"1": 0.9419609316303531, "2": 0.8689484126984127, "3": 0.8543610547667343}}, "ADA": {"accuracy": 0.5804195804195804, "recall": {"1": 0.9090909090909091, "2": 1.0, "3": 0.0}, "precision": {"1": 0.9523809523809523, "2": 0.5163934426229508, "3": 0.0}, "f1_score": {"1": 0.9302325581395349, "2": 0.6810810810810811, "3": 0.0}, "ROC-AUC": {"1": 0.9502253944402705, "2": 0.63125, "3": 0.6089249492900609}}}