{
    "ADA": {
        "accuracy": 0.6783216783216783,
        "recall": {
            "1": 0.9090909090909091,
            "2": 0.4444444444444444,
            "3": 0.8448275862068966
        },
        "precision": {
            "1": 0.9523809523809523,
            "2": 0.7368421052631579,
            "3": 0.5833333333333334
        },
        "f1_score": {
            "1": 0.9302325581395349,
            "2": 0.5544554455445545,
            "3": 0.6901408450704226
        },
        "ROC-AUC": {
            "1": 0.9921111945905334,
            "2": 0.7426587301587302,
            "3": 0.7411764705882353
        }
    },
    "Ensemble": {
        "accuracy": 0.8671328671328671,
        "recall": {
            "1": 0.9545454545454546,
            "2": 0.873015873015873,
            "3": 0.8275862068965517
        },
        "precision": {
            "1": 0.875,
            "2": 0.873015873015873,
            "3": 0.8571428571428571
        },
        "f1_score": {
            "1": 0.9130434782608695,
            "2": 0.8730158730158731,
            "3": 0.8421052631578947
        }
    },
    "RF": {
        "accuracy": 0.8671328671328671,
        "recall": {
            "1": 0.9090909090909091,
            "2": 0.9523809523809523,
            "3": 0.7586206896551724
        },
        "precision": {
            "1": 0.9523809523809523,
            "2": 0.8,
            "3": 0.9361702127659575
        },
        "f1_score": {
            "1": 0.9302325581395349,
            "2": 0.8695652173913043,
            "3": 0.8380952380952381
        },
        "ROC-AUC": {
            "1": 0.9983095416979715,
            "2": 0.9333333333333332,
            "3": 0.9290060851926977
        }
    },
    "kNN": {
        "accuracy": 0.8041958041958042,
        "recall": {
            "1": 0.9090909090909091,
            "2": 0.8095238095238095,
            "3": 0.7586206896551724
        },
        "precision": {
            "1": 0.9523809523809523,
            "2": 0.7727272727272727,
            "3": 0.7857142857142857
        },
        "f1_score": {
            "1": 0.9302325581395349,
            "2": 0.7906976744186046,
            "3": 0.7719298245614034
        },
        "ROC-AUC": {
            "1": 0.9504132231404959,
            "2": 0.8110119047619049,
            "3": 0.8087221095334687
        }
    },
    "GNB": {
        "accuracy": 0.6573426573426573,
        "recall": {
            "1": 1,
            "2": 0.4603174603174603,
            "3": 0.7413793103448276
        },
        "precision": {
            "1": 0.6470588235294118,
            "2": 0.7073170731707317,
            "3": 0.6323529411764706
        },
        "f1_score": {
            "1": 0.7857142857142858,
            "2": 0.5576923076923077,
            "3": 0.6825396825396826
        },
        "ROC-AUC": {
            "1": 0.9504132231404959,
            "2": 0.7537698412698413,
            "3": 0.7740365111561867
        }
    },
    "SVM-RBF": {
        "accuracy": 0.8181818181818182,
        "recall": {
            "1": 0.9545454545454546,
            "2": 0.8571428571428571,
            "3": 0.7241379310344828
        },
        "precision": {
            "1": 0.8076923076923077,
            "2": 0.8181818181818182,
            "3": 0.8235294117647058
        },
        "f1_score": {
            "1": 0.875,
            "2": 0.8372093023255814,
            "3": 0.7706422018348623
        }
    },
    "SVM-Sig": {
        "accuracy": 0.6643356643356644,
        "recall": {
            "1": 0.9090909090909091,
            "2": 0.5396825396825397,
            "3": 0.7068965517241379
        },
        "precision": {
            "1": 0.8695652173913043,
            "2": 0.6666666666666666,
            "3": 0.5942028985507246
        },
        "f1_score": {
            "1": 0.888888888888889,
            "2": 0.5964912280701754,
            "3": 0.6456692913385826
        }
    },
    "XGB": {
        "accuracy": 0.7972027972027972,
        "recall": {
            "1": 0.9090909090909091,
            "2": 0.8412698412698413,
            "3": 0.7068965517241379
        },
        "precision": {
            "1": 0.9090909090909091,
            "2": 0.7464788732394366,
            "3": 0.82
        },
        "f1_score": {
            "1": 0.9090909090909091,
            "2": 0.791044776119403,
            "3": 0.7592592592592593
        },
        "ROC-AUC": {
            "1": 0.9981217129977461,
            "2": 0.9069444444444446,
            "3": 0.8983772819472616
        }
    },
    "CART": {
        "accuracy": 0.7202797202797203,
        "recall": {
            "1": 0.8181818181818182,
            "2": 0.7301587301587301,
            "3": 0.6724137931034483
        },
        "precision": {
            "1": 0.9,
            "2": 0.6865671641791045,
            "3": 0.6964285714285714
        },
        "f1_score": {
            "1": 0.8571428571428572,
            "2": 0.7076923076923077,
            "3": 0.6842105263157895
        },
        "ROC-AUC": {
            "1": 0.9008264462809918,
            "2": 0.7338293650793651,
            "3": 0.7362068965517242
        }
    },
    "SVM-Lin": {
        "accuracy": 0.7062937062937062,
        "recall": {
            "1": 0.9545454545454546,
            "2": 0.7301587301587301,
            "3": 0.5862068965517241
        },
        "precision": {
            "1": 0.7777777777777778,
            "2": 0.6865671641791045,
            "3": 0.6938775510204082
        },
        "f1_score": {
            "1": 0.8571428571428572,
            "2": 0.7076923076923077,
            "3": 0.6355140186915887
        }
    }
}