{"RF": {"accuracy": 0.8671328671328671, "recall": {"1": 0.9090909090909091, "2": 0.9523809523809523, "3": 0.7586206896551724}, "precision": {"1": 0.9523809523809523, "2": 0.8, "3": 0.9361702127659575}, "f1_score": {"1": 0.9302325581395349, "2": 0.8695652173913043, "3": 0.8380952380952381}, "ROC-AUC": {"1": 0.9983095416979715, "2": 0.9333333333333332, "3": 0.9290060851926977}}, "Ensemble": {"accuracy": 0.8671328671328671, "recall": {"1": 1.0, "2": 0.9206349206349206, "3": 0.7586206896551724}, "precision": {"1": 0.8461538461538461, "2": 0.8405797101449275, "3": 0.9166666666666666}, "f1_score": {"1": 0.9166666666666666, "2": 0.8787878787878787, "3": 0.830188679245283}}, "SVM-RBF": {"accuracy": 0.8181818181818182, "recall": {"1": 0.8636363636363636, "2": 0.8888888888888888, "3": 0.7241379310344828}, "precision": {"1": 0.9047619047619048, "2": 0.8, "3": 0.8076923076923077}, "f1_score": {"1": 0.8837209302325582, "2": 0.8421052631578948, "3": 0.7636363636363636}}, "XGB": {"accuracy": 0.7972027972027972, "recall": {"1": 0.9090909090909091, "2": 0.8412698412698413, "3": 0.7068965517241379}, "precision": {"1": 0.9090909090909091, "2": 0.7464788732394366, "3": 0.82}, "f1_score": {"1": 0.9090909090909091, "2": 0.791044776119403, "3": 0.7592592592592593}, "ROC-AUC": {"1": 0.9981217129977461, "2": 0.9069444444444446, "3": 0.8983772819472616}}, "kNN": {"accuracy": 0.7622377622377622, "recall": {"1": 0.9090909090909091, "2": 0.6666666666666666, "3": 0.8103448275862069}, "precision": {"1": 0.8, "2": 0.8235294117647058, "3": 0.7014925373134329}, "f1_score": {"1": 0.8510638297872342, "2": 0.7368421052631577, "3": 0.752}, "ROC-AUC": {"1": 0.9896694214876034, "2": 0.8836309523809524, "3": 0.881237322515213}}, "CART": {"accuracy": 0.7202797202797203, "recall": {"1": 0.8181818181818182, "2": 0.7301587301587301, "3": 0.6724137931034483}, "precision": {"1": 0.9, "2": 0.6865671641791045, "3": 0.6964285714285714}, "f1_score": {"1": 0.8571428571428572, "2": 0.7076923076923077, "3": 0.6842105263157895}, "ROC-AUC": {"1": 0.9008264462809918, "2": 0.7338293650793651, "3": 0.7362068965517242}}, "ADA": {"accuracy": 0.6783216783216783, "recall": {"1": 0.9090909090909091, "2": 0.4444444444444444, "3": 0.8448275862068966}, "precision": {"1": 0.9523809523809523, "2": 0.7368421052631579, "3": 0.5833333333333334}, "f1_score": {"1": 0.9302325581395349, "2": 0.5544554455445545, "3": 0.6901408450704226}, "ROC-AUC": {"1": 0.9921111945905334, "2": 0.7426587301587302, "3": 0.7411764705882353}}, "GNB": {"accuracy": 0.6573426573426573, "recall": {"1": 1.0, "2": 0.4603174603174603, "3": 0.7413793103448276}, "precision": {"1": 0.6470588235294118, "2": 0.7073170731707317, "3": 0.6323529411764706}, "f1_score": {"1": 0.7857142857142858, "2": 0.5576923076923077, "3": 0.6825396825396826}, "ROC-AUC": {"1": 0.9504132231404959, "2": 0.7537698412698413, "3": 0.7740365111561867}}, "SVM-Lin": {"accuracy": 0.6573426573426573, "recall": {"1": 0.9090909090909091, "2": 0.6507936507936508, "3": 0.5689655172413793}, "precision": {"1": 0.8, "2": 0.640625, "3": 0.6111111111111112}, "f1_score": {"1": 0.8510638297872342, "2": 0.6456692913385828, "3": 0.5892857142857143}}, "SVM-Sig": {"accuracy": 0.5314685314685315, "recall": {"1": 1.0, "2": 0.0, "3": 0.9310344827586207}, "precision": {"1": 0.5789473684210527, "2": 0.0, "3": 0.5142857142857142}, "f1_score": {"1": 0.7333333333333334, "2": 0.0, "3": 0.6625766871165644}}}