{"RF": {"accuracy": 0.8391608391608392, "recall": {"1": 0.9545454545454546, "2": 0.9206349206349206, "3": 0.7068965517241379}, "precision": {"1": 0.8076923076923077, "2": 0.7945205479452054, "3": 0.9318181818181818}, "f1_score": {"1": 0.875, "2": 0.8529411764705882, "3": 0.803921568627451}, "ROC-AUC": {"1": 0.9996243425995492, "2": 0.9339285714285714, "3": 0.927687626774848}}, "Ensemble": {"accuracy": 0.8181818181818182, "recall": {"1": 0.9545454545454546, "2": 0.9206349206349206, "3": 0.6551724137931034}, "precision": {"1": 0.75, "2": 0.7837837837837838, "3": 0.926829268292683}, "f1_score": {"1": 0.84, "2": 0.8467153284671532, "3": 0.7676767676767676}}, "CART": {"accuracy": 0.8111888111888111, "recall": {"1": 0.9545454545454546, "2": 0.8412698412698413, "3": 0.7241379310344828}, "precision": {"1": 0.875, "2": 0.7794117647058824, "3": 0.8235294117647058}, "f1_score": {"1": 0.9130434782608695, "2": 0.8091603053435115, "3": 0.7706422018348623}, "ROC-AUC": {"1": 0.9648760330578512, "2": 0.8268849206349207, "3": 0.8091277890466531}}, "XGB": {"accuracy": 0.8041958041958042, "recall": {"1": 0.9090909090909091, "2": 0.9206349206349206, "3": 0.6379310344827587}, "precision": {"1": 0.8333333333333334, "2": 0.7435897435897436, "3": 0.9024390243902439}, "f1_score": {"1": 0.8695652173913043, "2": 0.8226950354609929, "3": 0.7474747474747474}, "ROC-AUC": {"1": 0.9951164537941397, "2": 0.9293650793650794, "3": 0.9190669371196754}}, "kNN": {"accuracy": 0.7972027972027972, "recall": {"1": 0.9545454545454546, "2": 0.8095238095238095, "3": 0.7241379310344828}, "precision": {"1": 0.75, "2": 0.796875, "3": 0.8235294117647058}, "f1_score": {"1": 0.84, "2": 0.8031496062992126, "3": 0.7706422018348623}, "ROC-AUC": {"1": 0.9483471074380165, "2": 0.8235119047619047, "3": 0.8091277890466531}}, "SVM-RBF": {"accuracy": 0.7902097902097902, "recall": {"1": 0.9545454545454546, "2": 0.873015873015873, "3": 0.6379310344827587}, "precision": {"1": 0.8076923076923077, "2": 0.7638888888888888, "3": 0.8222222222222222}, "f1_score": {"1": 0.875, "2": 0.8148148148148149, "3": 0.7184466019417477}}, "SVM-Lin": {"accuracy": 0.6853146853146853, "recall": {"1": 0.9545454545454546, "2": 0.6507936507936508, "3": 0.6206896551724138}, "precision": {"1": 0.75, "2": 0.6949152542372882, "3": 0.6428571428571429}, "f1_score": {"1": 0.84, "2": 0.6721311475409837, "3": 0.6315789473684211}}, "ADA": {"accuracy": 0.6153846153846154, "recall": {"1": 0.9090909090909091, "2": 0.6984126984126984, "3": 0.41379310344827586}, "precision": {"1": 0.8695652173913043, "2": 0.5714285714285714, "3": 0.5581395348837209}, "f1_score": {"1": 0.888888888888889, "2": 0.6285714285714286, "3": 0.4752475247524752}, "ROC-AUC": {"1": 0.9966190833959429, "2": 0.6297619047619047, "3": 0.7158215010141988}}, "GNB": {"accuracy": 0.6083916083916084, "recall": {"1": 1.0, "2": 0.3492063492063492, "3": 0.7413793103448276}, "precision": {"1": 0.5365853658536586, "2": 0.7096774193548387, "3": 0.6056338028169014}, "f1_score": {"1": 0.6984126984126985, "2": 0.4680851063829788, "3": 0.6666666666666667}, "ROC-AUC": {"1": 0.921487603305785, "2": 0.7524801587301587, "3": 0.7758620689655172}}, "SVM-Sig": {"accuracy": 0.5664335664335665, "recall": {"1": 0.8636363636363636, "2": 0.9841269841269841, "3": 0.0}, "precision": {"1": 0.7916666666666666, "2": 0.5210084033613446, "3": 0.0}, "f1_score": {"1": 0.8260869565217391, "2": 0.6813186813186813, "3": 0.0}}}