{"kNN": {"accuracy": 0.8555555555555555, "recall": {"1": 1.0, "2": 0.7692307692307693, "3": 0.7894736842105263}, "precision": {"1": 0.9696969696969697, "2": 0.9090909090909091, "3": 0.625}, "f1_score": {"1": 0.9846153846153847, "2": 0.8333333333333333, "3": 0.6976744186046512}, "ROC-AUC": {"1": 0.9913793103448275, "2": 0.8552036199095022, "3": 0.8313565604151223}}, "RF": {"accuracy": 0.8444444444444444, "recall": {"1": 0.96875, "2": 0.8461538461538461, "3": 0.631578947368421}, "precision": {"1": 0.9393939393939394, "2": 0.8461538461538461, "3": 0.6666666666666666}, "f1_score": {"1": 0.9538461538461539, "2": 0.8461538461538461, "3": 0.6486486486486486}, "ROC-AUC": {"1": 0.9986530172413793, "2": 0.9469582704876822, "3": 0.8914010378057821}}, "SVM-RBF": {"accuracy": 0.8333333333333334, "recall": {"1": 1.0, "2": 0.8205128205128205, "3": 0.5789473684210527}, "precision": {"1": 0.9411764705882353, "2": 0.8421052631578947, "3": 0.6111111111111112}, "f1_score": {"1": 0.9696969696969697, "2": 0.8311688311688312, "3": 0.5945945945945946}}, "Ensemble": {"accuracy": 0.8111111111111111, "recall": {"1": 1.0, "2": 0.7692307692307693, "3": 0.5789473684210527}, "precision": {"1": 0.9142857142857143, "2": 0.8571428571428571, "3": 0.55}, "f1_score": {"1": 0.955223880597015, "2": 0.8108108108108107, "3": 0.5641025641025641}}, "CART": {"accuracy": 0.7777777777777778, "recall": {"1": 1.0, "2": 0.717948717948718, "3": 0.5263157894736842}, "precision": {"1": 0.9142857142857143, "2": 0.8, "3": 0.5}, "f1_score": {"1": 0.955223880597015, "2": 0.7567567567567569, "3": 0.5128205128205129}, "ROC-AUC": {"1": 0.9741379310344828, "2": 0.7903469079939669, "3": 0.6927353595255745}}, "GNB": {"accuracy": 0.6222222222222222, "recall": {"1": 1.0, "2": 0.358974358974359, "3": 0.5263157894736842}, "precision": {"1": 0.7272727272727273, "2": 0.7777777777777778, "3": 0.35714285714285715}, "f1_score": {"1": 0.8421052631578948, "2": 0.49122807017543857, "3": 0.425531914893617}, "ROC-AUC": {"1": 0.9051724137931034, "2": 0.8622423328305682, "3": 0.7175685693106004}}, "XGB": {"accuracy": 0.8, "recall": {"1": 1.0, "2": 0.7692307692307693, "3": 0.5263157894736842}, "precision": {"1": 0.9411764705882353, "2": 0.8108108108108109, "3": 0.5263157894736842}, "f1_score": {"1": 0.9696969696969697, "2": 0.7894736842105263, "3": 0.5263157894736842}, "ROC-AUC": {"1": 0.996228448275862, "2": 0.9306184012066365, "3": 0.8561897702001482}}, "SVM-Lin": {"accuracy": 0.8222222222222222, "recall": {"1": 1.0, "2": 0.8974358974358975, "3": 0.3684210526315789}, "precision": {"1": 0.9411764705882353, "2": 0.7777777777777778, "3": 0.6363636363636364}, "f1_score": {"1": 0.9696969696969697, "2": 0.8333333333333333, "3": 0.4666666666666667}}, "SVM-Sig": {"accuracy": 0.7111111111111111, "recall": {"1": 1.0, "2": 0.6410256410256411, "3": 0.3684210526315789}, "precision": {"1": 0.7272727272727273, "2": 0.78125, "3": 0.5}, "f1_score": {"1": 0.8421052631578948, "2": 0.7042253521126761, "3": 0.4242424242424242}}, "ADA": {"accuracy": 0.7888888888888889, "recall": {"1": 1.0, "2": 1.0, "3": 0.0}, "precision": {"1": 0.9411764705882353, "2": 0.6964285714285714, "3": 0.0}, "f1_score": {"1": 0.9696969696969697, "2": 0.8210526315789474, "3": 0.0}, "ROC-AUC": {"1": 0.9795258620689655, "2": 0.8579688285570639, "3": 0.689770200148258}}}