{
    "kNN": {
        "accuracy": 0.8391608391608392,
        "cw_accuracy": {
            "1": 0.9790209804880433,
            "2": 0.8461538569123177,
            "3": 0.8531468634163033
        },
        "recall": {
            "1": 0.9090909090909091,
            "2": 0.8888888888888888,
            "3": 0.7586206896551724
        },
        "precision": {
            "1": 0.9523809523809523,
            "2": 0.7887323943661971,
            "3": 0.8627450980392157
        },
        "f1_score": {
            "1": 0.9302325581395349,
            "2": 0.835820895522388,
            "3": 0.8073394495412843
        },
        "ROC-AUC": {
            "1": 0.9504132231404959,
            "2": 0.8506944444444444,
            "3": 0.8381338742393508
        }
    },
    "GNB": {
        "accuracy": 0.6783216783216783,
        "cw_accuracy": {
            "1": 0.9370629414641299,
            "2": 0.6923077138246354,
            "3": 0.7272727463445632
        },
        "recall": {
            "1": 0.9090909090909091,
            "2": 0.5555555555555556,
            "3": 0.7241379310344828
        },
        "precision": {
            "1": 0.7407407407407407,
            "2": 0.6862745098039216,
            "3": 0.6461538461538462
        },
        "f1_score": {
            "1": 0.8163265306122449,
            "2": 0.6140350877192983,
            "3": 0.6829268292682927
        },
        "ROC-AUC": {
            "1": 0.9650638617580766,
            "2": 0.7926587301587301,
            "3": 0.7653144016227181
        }
    },
    "SVM-Lin": {
        "accuracy": 0.7482517482517482,
        "cw_accuracy": {
            "1": 0.9720279739840577,
            "2": 0.7692307853684766,
            "3": 0.7552447723605055
        },
        "recall": {
            "1": 1,
            "2": 0.6984126984126984,
            "3": 0.7068965517241379
        },
        "precision": {
            "1": 0.8461538461538461,
            "2": 0.7586206896551724,
            "3": 0.6949152542372882
        },
        "f1_score": {
            "1": 0.9166666666666666,
            "2": 0.7272727272727273,
            "3": 0.7008547008547009
        }
    },
    "Ensemble": {
        "accuracy": 0.8741258741258742,
        "cw_accuracy": {
            "1": 0.9860139869920289,
            "2": 0.8881118959362311,
            "3": 0.87412588292826
        },
        "recall": {
            "1": 1,
            "2": 0.9841269841269841,
            "3": 0.7068965517241379
        },
        "precision": {
            "1": 0.9166666666666666,
            "2": 0.8051948051948052,
            "3": 0.9761904761904762
        },
        "f1_score": {
            "1": 0.9565217391304348,
            "2": 0.8857142857142857,
            "3": 0.8199999999999998
        }
    },
    "RF": {
        "accuracy": 0.8531468531468531,
        "cw_accuracy": {
            "1": 0.9790209804880433,
            "2": 0.8601398699202888,
            "3": 0.8671328764242744
        },
        "recall": {
            "1": 0.9090909090909091,
            "2": 0.9841269841269841,
            "3": 0.6896551724137931
        },
        "precision": {
            "1": 0.9523809523809523,
            "2": 0.7654320987654321,
            "3": 0.975609756097561
        },
        "f1_score": {
            "1": 0.9302325581395349,
            "2": 0.861111111111111,
            "3": 0.8080808080808081
        },
        "ROC-AUC": {
            "1": 0.9988730277986476,
            "2": 0.929265873015873,
            "3": 0.9256592292089248
        }
    },
    "SVM-RBF": {
        "accuracy": 0.7902097902097902,
        "cw_accuracy": {
            "1": 0.9650349674800722,
            "2": 0.825174837400361,
            "3": 0.7902098048804332
        },
        "recall": {
            "1": 0.9090909090909091,
            "2": 0.8571428571428571,
            "3": 0.6724137931034483
        },
        "precision": {
            "1": 0.8695652173913043,
            "2": 0.7714285714285715,
            "3": 0.78
        },
        "f1_score": {
            "1": 0.888888888888889,
            "2": 0.81203007518797,
            "3": 0.7222222222222223
        }
    },
    "CART": {
        "accuracy": 0.7762237762237763,
        "cw_accuracy": {
            "1": 0.9510489544721011,
            "2": 0.8041958178884043,
            "3": 0.7972028113844188
        },
        "recall": {
            "1": 0.8636363636363636,
            "2": 0.873015873015873,
            "3": 0.6379310344827587
        },
        "precision": {
            "1": 0.8260869565217391,
            "2": 0.7333333333333333,
            "3": 0.8222222222222222
        },
        "f1_score": {
            "1": 0.8444444444444444,
            "2": 0.7971014492753622,
            "3": 0.7184466019417477
        },
        "ROC-AUC": {
            "1": 0.9096543951915853,
            "2": 0.8305555555555556,
            "3": 0.7820486815415822
        }
    },
    "XGB": {
        "accuracy": 0.8321678321678322,
        "cw_accuracy": {
            "1": 0.9860139869920289,
            "2": 0.8391608504083321,
            "3": 0.8391608504083321
        },
        "recall": {
            "1": 0.9545454545454546,
            "2": 0.9841269841269841,
            "3": 0.6206896551724138
        },
        "precision": {
            "1": 0.9545454545454546,
            "2": 0.7380952380952381,
            "3": 0.972972972972973
        },
        "f1_score": {
            "1": 0.9545454545454546,
            "2": 0.8435374149659863,
            "3": 0.7578947368421053
        },
        "ROC-AUC": {
            "1": 0.9988730277986476,
            "2": 0.919047619047619,
            "3": 0.906896551724138
        }
    },
    "SVM-Sig": {
        "accuracy": 0.6433566433566433,
        "cw_accuracy": {
            "1": 0.9230769284561589,
            "2": 0.6853147073206498,
            "3": 0.6783217008166643
        },
        "recall": {
            "1": 0.8181818181818182,
            "2": 0.6666666666666666,
            "3": 0.5517241379310345
        },
        "precision": {
            "1": 0.72,
            "2": 0.6363636363636364,
            "3": 0.6153846153846154
        },
        "f1_score": {
            "1": 0.7659574468085107,
            "2": 0.6511627906976744,
            "3": 0.5818181818181819
        }
    },
    "ADA": {
        "accuracy": 0.5804195804195804,
        "cw_accuracy": {
            "1": 0.9790209804880433,
            "2": 0.587412616264852,
            "3": 0.5944056227688376
        },
        "recall": {
            "1": 0.9090909090909091,
            "2": 1,
            "3": 0
        },
        "precision": {
            "1": 0.9523809523809523,
            "2": 0.5163934426229508,
            "3": 0
        },
        "f1_score": {
            "1": 0.9302325581395349,
            "2": 0.6810810810810811,
            "3": 0
        },
        "ROC-AUC": {
            "1": 0.9922990232907588,
            "2": 0.7976190476190477,
            "3": 0.7883367139959432
        }
    }
}