{
    "Ensemble": {
        "accuracy": 0.8461538461538461,
        "cw_accuracy": {
            "1": 0.9860139869920289,
            "2": 0.8601398699202888,
            "3": 0.8461538569123177
        },
        "recall": {
            "1": 1,
            "2": 0.9047619047619048,
            "3": 0.7241379310344828
        },
        "precision": {
            "1": 0.9166666666666666,
            "2": 0.8028169014084507,
            "3": 0.875
        },
        "f1_score": {
            "1": 0.9565217391304348,
            "2": 0.8507462686567164,
            "3": 0.7924528301886793
        }
    },
    "SVM-RBF": {
        "accuracy": 0.8321678321678322,
        "cw_accuracy": {
            "1": 0.9650349674800722,
            "2": 0.8461538569123177,
            "3": 0.8531468634163033
        },
        "recall": {
            "1": 0.9545454545454546,
            "2": 0.873015873015873,
            "3": 0.7413793103448276
        },
        "precision": {
            "1": 0.84,
            "2": 0.7971014492753623,
            "3": 0.8775510204081632
        },
        "f1_score": {
            "1": 0.8936170212765958,
            "2": 0.8333333333333334,
            "3": 0.8037383177570093
        }
    },
    "kNN": {
        "accuracy": 0.7972027972027972,
        "cw_accuracy": {
            "1": 0.9860139869920289,
            "2": 0.8041958178884043,
            "3": 0.8041958178884043
        },
        "recall": {
            "1": 0.9545454545454546,
            "2": 0.873015873015873,
            "3": 0.6551724137931034
        },
        "precision": {
            "1": 0.9545454545454546,
            "2": 0.7333333333333333,
            "3": 0.8260869565217391
        },
        "f1_score": {
            "1": 0.9545454545454546,
            "2": 0.7971014492753622,
            "3": 0.7307692307692308
        },
        "ROC-AUC": {
            "1": 0.9977460555972952,
            "2": 0.9015873015873016,
            "3": 0.9036511156186613
        }
    },
    "RF": {
        "accuracy": 0.7902097902097902,
        "cw_accuracy": {
            "1": 0.9860139869920289,
            "2": 0.7972028113844188,
            "3": 0.7972028113844188
        },
        "recall": {
            "1": 0.9545454545454546,
            "2": 0.8253968253968254,
            "3": 0.6896551724137931
        },
        "precision": {
            "1": 0.9545454545454546,
            "2": 0.7428571428571429,
            "3": 0.7843137254901961
        },
        "f1_score": {
            "1": 0.9545454545454546,
            "2": 0.7819548872180451,
            "3": 0.7339449541284404
        },
        "ROC-AUC": {
            "1": 0.9988730277986477,
            "2": 0.9186507936507937,
            "3": 0.9132860040567952
        }
    },
    "XGB": {
        "accuracy": 0.7902097902097902,
        "cw_accuracy": {
            "1": 0.9860139869920289,
            "2": 0.8041958178884043,
            "3": 0.7902098048804332
        },
        "recall": {
            "1": 0.9545454545454546,
            "2": 0.8412698412698413,
            "3": 0.6724137931034483
        },
        "precision": {
            "1": 0.9545454545454546,
            "2": 0.7464788732394366,
            "3": 0.78
        },
        "f1_score": {
            "1": 0.9545454545454546,
            "2": 0.791044776119403,
            "3": 0.7222222222222223
        },
        "ROC-AUC": {
            "1": 0.9988730277986476,
            "2": 0.8984126984126983,
            "3": 0.8837728194726167
        }
    },
    "CART": {
        "accuracy": 0.7552447552447552,
        "cw_accuracy": {
            "1": 0.9790209804880433,
            "2": 0.7762237918724622,
            "3": 0.7552447723605055
        },
        "recall": {
            "1": 0.8636363636363636,
            "2": 0.6507936507936508,
            "3": 0.8275862068965517
        },
        "precision": {
            "1": 1,
            "2": 0.803921568627451,
            "3": 0.6575342465753424
        },
        "f1_score": {
            "1": 0.9268292682926829,
            "2": 0.7192982456140351,
            "3": 0.732824427480916
        },
        "ROC-AUC": {
            "1": 0.9592411720510894,
            "2": 0.8449404761904762,
            "3": 0.82920892494929
        }
    },
    "ADA": {
        "accuracy": 0.7552447552447552,
        "cw_accuracy": {
            "1": 0.9790209804880433,
            "2": 0.762237778864491,
            "3": 0.7692307853684766
        },
        "recall": {
            "1": 0.9090909090909091,
            "2": 0.8571428571428571,
            "3": 0.5862068965517241
        },
        "precision": {
            "1": 0.9523809523809523,
            "2": 0.6835443037974683,
            "3": 0.7906976744186046
        },
        "f1_score": {
            "1": 0.9302325581395349,
            "2": 0.7605633802816901,
            "3": 0.6732673267326732
        },
        "ROC-AUC": {
            "1": 0.9922990232907588,
            "2": 0.7845238095238095,
            "3": 0.7883367139959432
        }
    },
    "SVM-Lin": {
        "accuracy": 0.6783216783216783,
        "cw_accuracy": {
            "1": 0.9510489544721011,
            "2": 0.7062937268326065,
            "3": 0.699300720328621
        },
        "recall": {
            "1": 1,
            "2": 0.6666666666666666,
            "3": 0.5689655172413793
        },
        "precision": {
            "1": 0.7586206896551724,
            "2": 0.6666666666666666,
            "3": 0.6470588235294118
        },
        "f1_score": {
            "1": 0.8627450980392156,
            "2": 0.6666666666666666,
            "3": 0.6055045871559633
        }
    },
    "GNB": {
        "accuracy": 0.6153846153846154,
        "cw_accuracy": {
            "1": 0.9090909154481878,
            "2": 0.636363661792751,
            "3": 0.6853147073206498
        },
        "recall": {
            "1": 0.9545454545454546,
            "2": 0.38095238095238093,
            "3": 0.7413793103448276
        },
        "precision": {
            "1": 0.6363636363636364,
            "2": 0.6486486486486487,
            "3": 0.589041095890411
        },
        "f1_score": {
            "1": 0.7636363636363637,
            "2": 0.48,
            "3": 0.6564885496183207
        },
        "ROC-AUC": {
            "1": 0.9521036814425244,
            "2": 0.7654761904761905,
            "3": 0.7410750507099392
        }
    },
    "SVM-Sig": {
        "accuracy": 0.5594405594405595,
        "cw_accuracy": {
            "1": 0.825174837400361,
            "2": 0.5804196097608665,
            "3": 0.7132867333365921
        },
        "recall": {
            "1": 0.3181818181818182,
            "2": 0.5555555555555556,
            "3": 0.6551724137931034
        },
        "precision": {
            "1": 0.4117647058823529,
            "2": 0.5223880597014925,
            "3": 0.6440677966101694
        },
        "f1_score": {
            "1": 0.358974358974359,
            "2": 0.5384615384615385,
            "3": 0.6495726495726496
        }
    }
}