{
    "kmeanssmote": {
        "all": {
            "accuracy": 0.7615384615384616,
            "neoplasia recall": 0.606896551724138
        },
        "top6": {
            "accuracy": 0.8275058275058275,
            "recall": 0.6810344827586207
        }
    },
    "augmentedv3": {
        "all": {
            "accuracy": 0.758041958041958,
            "neoplasia recall": 0.7327586206896551
        },
        "top6": {
            "accuracy": 0.8123543123543123,
            "recall": 0.7413793103448275
        }
    },
    "augmented_FS": {
        "all": {
            "accuracy": 0.7419580419580418,
            "neoplasia recall": 0.6862068965517241
        },
        "top6": {
            "accuracy": 0.8018648018648018,
            "recall": 0.7183908045977012
        }
    },
    "snv_svmsmote": {
        "all": {
            "accuracy": 0.7370629370629371,
            "neoplasia recall": 0.6620689655172413
        },
        "top6": {
            "accuracy": 0.8158508158508159,
            "recall": 0.6781609195402298
        }
    },
    "snv_augmentedv3": {
        "all": {
            "accuracy": 0.7356643356643356,
            "neoplasia recall": 0.7517241379310345
        },
        "top6": {
            "accuracy": 0.8053613053613052,
            "recall": 0.7385057471264367
        }
    },
    "bordersmote": {
        "all": {
            "accuracy": 0.7258741258741258,
            "neoplasia recall": 0.6827586206896552
        },
        "top6": {
            "accuracy": 0.8181818181818182,
            "recall": 0.706896551724138
        }
    },
    "augmentedv3_FS": {
        "all": {
            "accuracy": 0.7104895104895104,
            "neoplasia recall": 0.7637931034482758
        },
        "top6": {
            "accuracy": 0.8030303030303031,
            "recall": 0.764367816091954
        }
    }
}