{
    "snv_FS_balanced": {
        "all": {
            "accuracy": 0.7899999999999999,
            "neoplasia recall": 0.45789473684210524
        },
        "top6": {
            "accuracy": 0.8333333333333334,
            "recall": 0.543859649122807
        }
    },
    "raw": {
        "all": {
            "accuracy": 0.765034965034965,
            "neoplasia recall": 0.5775862068965517
        },
        "top6": {
            "accuracy": 0.8275058275058275,
            "recall": 0.6551724137931035
        }
    },
    "kmeanssmote": {
        "all": {
            "accuracy": 0.7615384615384616,
            "neoplasia recall": 0.606896551724138
        },
        "top6": {
            "accuracy": 0.8275058275058275,
            "recall": 0.6810344827586207
        }
    },
    "augmentedv3": {
        "all": {
            "accuracy": 0.758041958041958,
            "neoplasia recall": 0.7327586206896551
        },
        "top6": {
            "accuracy": 0.8123543123543123,
            "recall": 0.7413793103448275
        }
    },
    "smote": {
        "all": {
            "accuracy": 0.7517482517482518,
            "neoplasia recall": 0.6775862068965517
        },
        "top6": {
            "accuracy": 0.8158508158508159,
            "recall": 0.6580459770114943
        }
    },
    "svmsmote": {
        "all": {
            "accuracy": 0.7447552447552447,
            "neoplasia recall": 0.6879310344827586
        },
        "top6": {
            "accuracy": 0.8344988344988344,
            "recall": 0.692528735632184
        }
    },
    "snv_FS_svmsmote": {
        "all": {
            "accuracy": 0.7426573426573428,
            "neoplasia recall": 0.6362068965517242
        },
        "top6": {
            "accuracy": 0.8368298368298368,
            "recall": 0.7183908045977012
        }
    },
    "augmented_FS": {
        "all": {
            "accuracy": 0.7419580419580418,
            "neoplasia recall": 0.6862068965517241
        },
        "top6": {
            "accuracy": 0.8018648018648018,
            "recall": 0.7183908045977012
        }
    },
    "adasynsmote": {
        "all": {
            "accuracy": 0.7384615384615385,
            "neoplasia recall": 0.5793103448275863
        },
        "top6": {
            "accuracy": 0.8181818181818182,
            "recall": 0.6839080459770116
        }
    },
    "snv_svmsmote": {
        "all": {
            "accuracy": 0.7370629370629371,
            "neoplasia recall": 0.6620689655172413
        },
        "top6": {
            "accuracy": 0.8158508158508159,
            "recall": 0.6781609195402298
        }
    },
    "snv_augmentedv3": {
        "all": {
            "accuracy": 0.7356643356643356,
            "neoplasia recall": 0.7517241379310345
        },
        "top6": {
            "accuracy": 0.8053613053613052,
            "recall": 0.7385057471264367
        }
    },
    "bordersmote": {
        "all": {
            "accuracy": 0.7258741258741258,
            "neoplasia recall": 0.6827586206896552
        },
        "top6": {
            "accuracy": 0.8181818181818182,
            "recall": 0.706896551724138
        }
    },
    "feature_selectv2": {
        "all": {
            "accuracy": 0.7167832167832169,
            "neoplasia recall": 0.4931034482758621
        },
        "top6": {
            "accuracy": 0.7785547785547785,
            "recall": 0.617816091954023
        }
    },
    "augmentedv3_FS": {
        "all": {
            "accuracy": 0.7104895104895104,
            "neoplasia recall": 0.7637931034482758
        },
        "top6": {
            "accuracy": 0.8030303030303031,
            "recall": 0.764367816091954
        }
    }
}