{
    "snv_svmsmote": {
        "all": {
            "accuracy": 0.7370629370629371,
            "neoplasia recall": 0.6620689655172413
        },
        "top6": {
            "accuracy": 0.8158508158508159,
            "recall": 0.6781609195402298
        }
    }
}