{
    "augmentedv3": {
        "all": {
            "accuracy": 0.758041958041958,
            "neoplasia recall": 0.7327586206896551
        },
        "top6": {
            "accuracy": 0.8123543123543123,
            "recall": 0.7413793103448275
        }
    },
    "snv_svmsmote": {
        "all": {
            "accuracy": 0.7370629370629371,
            "neoplasia recall": 0.6620689655172413
        },
        "top6": {
            "accuracy": 0.8158508158508159,
            "recall": 0.6781609195402298
        }
    },
    "snv_augmentedv3": {
        "all": {
            "accuracy": 0.7356643356643356,
            "neoplasia recall": 0.7517241379310345
        },
        "top6": {
            "accuracy": 0.8053613053613052,
            "recall": 0.7385057471264367
        }
    },
    "augmentedv3_FS": {
        "all": {
            "accuracy": 0.7104895104895104,
            "neoplasia recall": 0.7637931034482758
        },
        "top6": {
            "accuracy": 0.8030303030303031,
            "recall": 0.764367816091954
        }
    }
}