{
    "SVM-Sig": {
        "accuracy": 0.4965034965034965,
        "recall": {
            "1": 0.8181818181818182,
            "2": 0,
            "3": 0.9137931034482759
        },
        "precision": {
            "1": 0.9473684210526315,
            "2": 0,
            "3": 0.44537815126050423
        },
        "f1_score": {
            "1": 0.8780487804878049,
            "2": 0,
            "3": 0.5988700564971752
        }
    },
    "SVM-Lin": {
        "accuracy": 0.7202797202797203,
        "recall": {
            "1": 1,
            "2": 0.5873015873015873,
            "3": 0.7586206896551724
        },
        "precision": {
            "1": 0.88,
            "2": 0.7551020408163265,
            "3": 0.6376811594202898
        },
        "f1_score": {
            "1": 0.9361702127659575,
            "2": 0.6607142857142858,
            "3": 0.6929133858267716
        }
    },
    "LR": {
        "accuracy": 0.7412587412587412,
        "recall": {
            "1": 1,
            "2": 0.6507936507936508,
            "3": 0.7413793103448276
        },
        "precision": {
            "1": 0.88,
            "2": 0.7592592592592593,
            "3": 0.671875
        },
        "f1_score": {
            "1": 0.9361702127659575,
            "2": 0.7008547008547008,
            "3": 0.7049180327868853
        },
        "ROC-AUC": {
            "1": 0.9977460555972952,
            "2": 0.8222222222222222,
            "3": 0.8172413793103448
        }
    },
    "RF": {
        "accuracy": 0.8391608391608392,
        "recall": {
            "1": 0.9090909090909091,
            "2": 0.9206349206349206,
            "3": 0.7241379310344828
        },
        "precision": {
            "1": 0.9523809523809523,
            "2": 0.7733333333333333,
            "3": 0.8936170212765957
        },
        "f1_score": {
            "1": 0.9302325581395349,
            "2": 0.8405797101449275,
            "3": 0.7999999999999999
        },
        "ROC-AUC": {
            "1": 0.9992486851990985,
            "2": 0.9392857142857142,
            "3": 0.9376267748478703
        }
    },
    "GNB": {
        "accuracy": 0.6573426573426573,
        "recall": {
            "1": 1,
            "2": 0.47619047619047616,
            "3": 0.7241379310344828
        },
        "precision": {
            "1": 0.6285714285714286,
            "2": 0.6976744186046512,
            "3": 0.6461538461538462
        },
        "f1_score": {
            "1": 0.7719298245614035,
            "2": 0.5660377358490566,
            "3": 0.6829268292682927
        },
        "ROC-AUC": {
            "1": 0.9504132231404959,
            "2": 0.7654761904761904,
            "3": 0.770182555780933
        }
    },
    "kNN": {
        "accuracy": 0.8111888111888111,
        "recall": {
            "1": 1,
            "2": 0.8253968253968254,
            "3": 0.7241379310344828
        },
        "precision": {
            "1": 0.9166666666666666,
            "2": 0.7761194029850746,
            "3": 0.8076923076923077
        },
        "f1_score": {
            "1": 0.9565217391304348,
            "2": 0.8,
            "3": 0.7636363636363636
        },
        "ROC-AUC": {
            "1": 0.9975582268970699,
            "2": 0.8819444444444444,
            "3": 0.8802231237322514
        }
    },
    "CART": {
        "accuracy": 0.7832167832167832,
        "recall": {
            "1": 0.9090909090909091,
            "2": 0.8095238095238095,
            "3": 0.7068965517241379
        },
        "precision": {
            "1": 0.8695652173913043,
            "2": 0.7611940298507462,
            "3": 0.7735849056603774
        },
        "f1_score": {
            "1": 0.888888888888889,
            "2": 0.7846153846153846,
            "3": 0.7387387387387387
        },
        "ROC-AUC": {
            "1": 0.9421487603305786,
            "2": 0.8047619047619049,
            "3": 0.7828600405679514
        }
    },
    "SVM-RBF": {
        "accuracy": 0.7692307692307693,
        "recall": {
            "1": 0.9545454545454546,
            "2": 0.7936507936507936,
            "3": 0.6724137931034483
        },
        "precision": {
            "1": 0.84,
            "2": 0.7575757575757576,
            "3": 0.75
        },
        "f1_score": {
            "1": 0.8936170212765958,
            "2": 0.7751937984496123,
            "3": 0.709090909090909
        }
    },
    "XGB": {
        "accuracy": 0.8041958041958042,
        "recall": {
            "1": 0.9545454545454546,
            "2": 0.873015873015873,
            "3": 0.6724137931034483
        },
        "precision": {
            "1": 0.9130434782608695,
            "2": 0.7432432432432432,
            "3": 0.8478260869565217
        },
        "f1_score": {
            "1": 0.9333333333333332,
            "2": 0.8029197080291971,
            "3": 0.75
        },
        "ROC-AUC": {
            "1": 0.998121712997746,
            "2": 0.9186507936507937,
            "3": 0.908316430020284
        }
    },
    "Ensemble": {
        "accuracy": 0.7972027972027972,
        "recall": {
            "1": 1,
            "2": 0.8412698412698413,
            "3": 0.6724137931034483
        },
        "precision": {
            "1": 0.88,
            "2": 0.7464788732394366,
            "3": 0.8297872340425532
        },
        "f1_score": {
            "1": 0.9361702127659575,
            "2": 0.791044776119403,
            "3": 0.7428571428571429
        }
    },
    "ADA": {
        "accuracy": 0.7482517482517482,
        "recall": {
            "1": 0.9090909090909091,
            "2": 0.8571428571428571,
            "3": 0.5689655172413793
        },
        "precision": {
            "1": 0.9523809523809523,
            "2": 0.675,
            "3": 0.7857142857142857
        },
        "f1_score": {
            "1": 0.9302325581395349,
            "2": 0.7552447552447553,
            "3": 0.66
        },
        "ROC-AUC": {
            "1": 0.9922990232907588,
            "2": 0.7776785714285713,
            "3": 0.802028397565923
        }
    }
}