{"SVM-Sig": {"accuracy": 0.5034965034965035, "recall": {"1": 0.8636363636363636, "2": 0.0, "3": 0.9137931034482759}, "precision": {"1": 0.8636363636363636, "2": 0.0, "3": 0.4491525423728814}, "f1_score": {"1": 0.8636363636363636, "2": 0.0, "3": 0.6022727272727273}}, "GNB": {"accuracy": 0.6293706293706294, "recall": {"1": 1.0, "2": 0.3968253968253968, "3": 0.7413793103448276}, "precision": {"1": 0.5641025641025641, "2": 0.6944444444444444, "3": 0.6323529411764706}, "f1_score": {"1": 0.7213114754098361, "2": 0.5050505050505051, "3": 0.6825396825396826}, "ROC-AUC": {"1": 0.9338842975206612, "2": 0.7463293650793651, "3": 0.7535496957403651}}, "kNN": {"accuracy": 0.8321678321678322, "recall": {"1": 0.9545454545454546, "2": 0.8888888888888888, "3": 0.7241379310344828}, "precision": {"1": 0.9545454545454546, "2": 0.7777777777777778, "3": 0.8571428571428571}, "f1_score": {"1": 0.9545454545454546, "2": 0.8296296296296296, "3": 0.7850467289719627}, "ROC-AUC": {"1": 0.9731404958677686, "2": 0.8444444444444444, "3": 0.8208924949290061}}, "CART": {"accuracy": 0.7902097902097902, "recall": {"1": 0.8181818181818182, "2": 0.8571428571428571, "3": 0.7068965517241379}, "precision": {"1": 0.9, "2": 0.7714285714285715, "3": 0.7735849056603774}, "f1_score": {"1": 0.8571428571428572, "2": 0.81203007518797, "3": 0.7387387387387387}, "ROC-AUC": {"1": 0.9008264462809918, "2": 0.8285714285714286, "3": 0.7828600405679514}}, "RF": {"accuracy": 0.8461538461538461, "recall": {"1": 0.9545454545454546, "2": 0.9365079365079365, "3": 0.7068965517241379}, "precision": {"1": 0.875, "2": 0.7866666666666666, "3": 0.9318181818181818}, "f1_score": {"1": 0.9130434782608695, "2": 0.8550724637681159, "3": 0.803921568627451}, "ROC-AUC": {"1": 0.9973703981968445, "2": 0.9318452380952381, "3": 0.931237322515213}}, "XGB": {"accuracy": 0.8251748251748252, "recall": {"1": 0.9545454545454546, "2": 0.9206349206349206, "3": 0.6724137931034483}, "precision": {"1": 0.84, "2": 0.7733333333333333, "3": 0.9069767441860465}, "f1_score": {"1": 0.8936170212765958, "2": 0.8405797101449275, "3": 0.7722772277227723}, "ROC-AUC": {"1": 0.9943651389932382, "2": 0.9293650793650793, "3": 0.9255578093306288}}, "ADA": {"accuracy": 0.6433566433566433, "recall": {"1": 0.8636363636363636, "2": 0.5396825396825397, "3": 0.6724137931034483}, "precision": {"1": 0.9047619047619048, "2": 0.6415094339622641, "3": 0.5652173913043478}, "f1_score": {"1": 0.8837209302325582, "2": 0.5862068965517241, "3": 0.6141732283464567}, "ROC-AUC": {"1": 0.9958677685950413, "2": 0.6138888888888889, "3": 0.7494929006085193}}, "Ensemble": {"accuracy": 0.8181818181818182, "recall": {"1": 0.9545454545454546, "2": 0.9206349206349206, "3": 0.6551724137931034}, "precision": {"1": 0.8076923076923077, "2": 0.7733333333333333, "3": 0.9047619047619048}, "f1_score": {"1": 0.875, "2": 0.8405797101449275, "3": 0.7599999999999999}}, "SVM-RBF": {"accuracy": 0.8041958041958042, "recall": {"1": 0.9545454545454546, "2": 0.9047619047619048, "3": 0.6379310344827587}, "precision": {"1": 0.84, "2": 0.76, "3": 0.8604651162790697}, "f1_score": {"1": 0.8936170212765958, "2": 0.8260869565217391, "3": 0.7326732673267328}}, "SVM-Lin": {"accuracy": 0.7202797202797203, "recall": {"1": 1.0, "2": 0.746031746031746, "3": 0.5862068965517241}, "precision": {"1": 0.7857142857142857, "2": 0.6911764705882353, "3": 0.723404255319149}, "f1_score": {"1": 0.88, "2": 0.717557251908397, "3": 0.6476190476190475}}}