{"SVM-RBF": {"accuracy": 0.8741258741258742, "recall": {"1": 0.9545454545454546, "2": 0.9206349206349206, "3": 0.7931034482758621}, "precision": {"1": 0.9130434782608695, "2": 0.8285714285714286, "3": 0.92}, "f1_score": {"1": 0.9333333333333332, "2": 0.8721804511278196, "3": 0.851851851851852}}, "SVM-Sig": {"accuracy": 0.5524475524475524, "recall": {"1": 1.0, "2": 0.19047619047619047, "3": 0.7758620689655172}, "precision": {"1": 0.5238095238095238, "2": 0.6666666666666666, "3": 0.5421686746987951}, "f1_score": {"1": 0.6875000000000001, "2": 0.2962962962962963, "3": 0.6382978723404256}}, "ADA": {"accuracy": 0.6223776223776224, "recall": {"1": 1.0, "2": 0.36507936507936506, "3": 0.7586206896551724}, "precision": {"1": 0.7096774193548387, "2": 0.6764705882352942, "3": 0.5641025641025641}, "f1_score": {"1": 0.8301886792452831, "2": 0.4742268041237113, "3": 0.6470588235294118}, "ROC-AUC": {"1": 0.992862509391435, "2": 0.6827380952380953, "3": 0.7064908722109534}}, "GNB": {"accuracy": 0.6153846153846154, "recall": {"1": 1.0, "2": 0.38095238095238093, "3": 0.7241379310344828}, "precision": {"1": 0.5641025641025641, "2": 0.6857142857142857, "3": 0.6086956521739131}, "f1_score": {"1": 0.7213114754098361, "2": 0.48979591836734687, "3": 0.6614173228346457}, "ROC-AUC": {"1": 0.9297520661157025, "2": 0.7412698412698413, "3": 0.754158215010142}}, "XGB": {"accuracy": 0.8601398601398601, "recall": {"1": 1.0, "2": 0.9365079365079365, "3": 0.7241379310344828}, "precision": {"1": 0.8461538461538461, "2": 0.8082191780821918, "3": 0.9545454545454546}, "f1_score": {"1": 0.9166666666666666, "2": 0.8676470588235294, "3": 0.823529411764706}, "ROC-AUC": {"1": 0.9984973703981969, "2": 0.9307539682539682, "3": 0.9263691683569979}}, "kNN": {"accuracy": 0.8111888111888111, "recall": {"1": 0.9545454545454546, "2": 0.8571428571428571, "3": 0.7068965517241379}, "precision": {"1": 0.9130434782608695, "2": 0.7714285714285715, "3": 0.82}, "f1_score": {"1": 0.9333333333333332, "2": 0.81203007518797, "3": 0.7592592592592593}, "ROC-AUC": {"1": 0.96900826446281, "2": 0.8285714285714286, "3": 0.8005070993914807}}, "Ensemble": {"accuracy": 0.8461538461538461, "recall": {"1": 1.0, "2": 0.9206349206349206, "3": 0.7068965517241379}, "precision": {"1": 0.8148148148148148, "2": 0.7945205479452054, "3": 0.9534883720930233}, "f1_score": {"1": 0.8979591836734693, "2": 0.8529411764705882, "3": 0.8118811881188119}}, "CART": {"accuracy": 0.7972027972027972, "recall": {"1": 0.9545454545454546, "2": 0.8412698412698413, "3": 0.6896551724137931}, "precision": {"1": 0.9130434782608695, "2": 0.7464788732394366, "3": 0.8163265306122449}, "f1_score": {"1": 0.9333333333333332, "2": 0.791044776119403, "3": 0.7476635514018692}, "ROC-AUC": {"1": 0.9648760330578512, "2": 0.8596230158730159, "3": 0.855578093306288}}, "RF": {"accuracy": 0.8181818181818182, "recall": {"1": 1.0, "2": 0.9047619047619048, "3": 0.6551724137931034}, "precision": {"1": 0.9166666666666666, "2": 0.75, "3": 0.8837209302325582}, "f1_score": {"1": 0.9565217391304348, "2": 0.8201438848920864, "3": 0.7524752475247525}, "ROC-AUC": {"1": 1.0, "2": 0.9182539682539682, "3": 0.9242393509127789}}, "SVM-Lin": {"accuracy": 0.6713286713286714, "recall": {"1": 0.9545454545454546, "2": 0.6666666666666666, "3": 0.5689655172413793}, "precision": {"1": 0.7777777777777778, "2": 0.65625, "3": 0.6346153846153846}, "f1_score": {"1": 0.8571428571428572, "2": 0.6614173228346457, "3": 0.6}}}