{
    "SVM-RBF": {
        "accuracy": 0.8741258741258742,
        "recall": {
            "1": 0.9545454545454546,
            "2": 0.9206349206349206,
            "3": 0.7931034482758621
        },
        "precision": {
            "1": 0.9130434782608695,
            "2": 0.8285714285714286,
            "3": 0.92
        },
        "f1_score": {
            "1": 0.9333333333333332,
            "2": 0.8721804511278196,
            "3": 0.851851851851852
        }
    },
    "XGB": {
        "accuracy": 0.8391608391608392,
        "recall": {
            "1": 1,
            "2": 0.9206349206349206,
            "3": 0.6896551724137931
        },
        "precision": {
            "1": 0.88,
            "2": 0.7837837837837838,
            "3": 0.9090909090909091
        },
        "f1_score": {
            "1": 0.9361702127659575,
            "2": 0.8467153284671532,
            "3": 0.7843137254901961
        },
        "ROC-AUC": {
            "1": 0.9984973703981969,
            "2": 0.925595238095238,
            "3": 0.9154158215010142
        }
    },
    "Ensemble": {
        "accuracy": 0.8321678321678322,
        "recall": {
            "1": 1,
            "2": 0.9047619047619048,
            "3": 0.6896551724137931
        },
        "precision": {
            "1": 0.88,
            "2": 0.7702702702702703,
            "3": 0.9090909090909091
        },
        "f1_score": {
            "1": 0.9361702127659575,
            "2": 0.832116788321168,
            "3": 0.7843137254901961
        }
    },
    "RF": {
        "accuracy": 0.8181818181818182,
        "recall": {
            "1": 1,
            "2": 0.9047619047619048,
            "3": 0.6551724137931034
        },
        "precision": {
            "1": 0.9166666666666666,
            "2": 0.75,
            "3": 0.8837209302325582
        },
        "f1_score": {
            "1": 0.9565217391304348,
            "2": 0.8201438848920864,
            "3": 0.7524752475247525
        },
        "ROC-AUC": {
            "1": 1,
            "2": 0.9182539682539682,
            "3": 0.9242393509127789
        }
    },
    "kNN": {
        "accuracy": 0.8111888111888111,
        "recall": {
            "1": 0.9545454545454546,
            "2": 0.8571428571428571,
            "3": 0.7068965517241379
        },
        "precision": {
            "1": 0.9130434782608695,
            "2": 0.7714285714285715,
            "3": 0.82
        },
        "f1_score": {
            "1": 0.9333333333333332,
            "2": 0.81203007518797,
            "3": 0.7592592592592593
        },
        "ROC-AUC": {
            "1": 0.96900826446281,
            "2": 0.8285714285714286,
            "3": 0.8005070993914807
        }
    },
    "CART": {
        "accuracy": 0.7832167832167832,
        "recall": {
            "1": 0.8636363636363636,
            "2": 0.7777777777777778,
            "3": 0.7586206896551724
        },
        "precision": {
            "1": 0.8636363636363636,
            "2": 0.7903225806451613,
            "3": 0.7457627118644068
        },
        "f1_score": {
            "1": 0.8636363636363636,
            "2": 0.7839999999999999,
            "3": 0.752136752136752
        },
        "ROC-AUC": {
            "1": 0.9132231404958677,
            "2": 0.8448412698412697,
            "3": 0.8103448275862069
        }
    },
    "SVM-Lin": {
        "accuracy": 0.6713286713286714,
        "recall": {
            "1": 0.9545454545454546,
            "2": 0.6666666666666666,
            "3": 0.5689655172413793
        },
        "precision": {
            "1": 0.7777777777777778,
            "2": 0.65625,
            "3": 0.6346153846153846
        },
        "f1_score": {
            "1": 0.8571428571428572,
            "2": 0.6614173228346457,
            "3": 0.6
        }
    },
    "LR": {
        "accuracy": 0.6223776223776224,
        "recall": {
            "1": 1,
            "2": 0.36507936507936506,
            "3": 0.7586206896551724
        },
        "precision": {
            "1": 0.7096774193548387,
            "2": 0.6764705882352942,
            "3": 0.5641025641025641
        },
        "f1_score": {
            "1": 0.8301886792452831,
            "2": 0.4742268041237113,
            "3": 0.6470588235294118
        },
        "ROC-AUC": {
            "1": 0.992862509391435,
            "2": 0.6827380952380953,
            "3": 0.7064908722109534
        }
    },
    "ADA": {
        "accuracy": 0.6223776223776224,
        "recall": {
            "1": 1,
            "2": 0.36507936507936506,
            "3": 0.7586206896551724
        },
        "precision": {
            "1": 0.7096774193548387,
            "2": 0.6764705882352942,
            "3": 0.5641025641025641
        },
        "f1_score": {
            "1": 0.8301886792452831,
            "2": 0.4742268041237113,
            "3": 0.6470588235294118
        },
        "ROC-AUC": {
            "1": 0.992862509391435,
            "2": 0.6827380952380953,
            "3": 0.7064908722109534
        }
    },
    "GNB": {
        "accuracy": 0.6153846153846154,
        "recall": {
            "1": 1,
            "2": 0.38095238095238093,
            "3": 0.7241379310344828
        },
        "precision": {
            "1": 0.5641025641025641,
            "2": 0.6857142857142857,
            "3": 0.6086956521739131
        },
        "f1_score": {
            "1": 0.7213114754098361,
            "2": 0.48979591836734687,
            "3": 0.6614173228346457
        },
        "ROC-AUC": {
            "1": 0.9297520661157025,
            "2": 0.7412698412698413,
            "3": 0.754158215010142
        }
    },
    "SVM-Sig": {
        "accuracy": 0.5524475524475524,
        "recall": {
            "1": 1,
            "2": 0.19047619047619047,
            "3": 0.7758620689655172
        },
        "precision": {
            "1": 0.5238095238095238,
            "2": 0.6666666666666666,
            "3": 0.5421686746987951
        },
        "f1_score": {
            "1": 0.6875000000000001,
            "2": 0.2962962962962963,
            "3": 0.6382978723404256
        }
    }
}