{"RF": {"accuracy": 0.8461538461538461, "recall": {"1": 0.9545454545454546, "2": 0.9365079365079365, "3": 0.7068965517241379}, "precision": {"1": 0.875, "2": 0.7866666666666666, "3": 0.9318181818181818}, "f1_score": {"1": 0.9130434782608695, "2": 0.8550724637681159, "3": 0.803921568627451}, "ROC-AUC": {"1": 0.9973703981968445, "2": 0.9318452380952381, "3": 0.931237322515213}}, "SVM-RBF": {"accuracy": 0.8251748251748252, "recall": {"1": 0.8636363636363636, "2": 0.9047619047619048, "3": 0.7241379310344828}, "precision": {"1": 0.9047619047619048, "2": 0.8028169014084507, "3": 0.8235294117647058}, "f1_score": {"1": 0.8837209302325582, "2": 0.8507462686567164, "3": 0.7706422018348623}}, "XGB": {"accuracy": 0.8251748251748252, "recall": {"1": 0.9545454545454546, "2": 0.9206349206349206, "3": 0.6724137931034483}, "precision": {"1": 0.84, "2": 0.7733333333333333, "3": 0.9069767441860465}, "f1_score": {"1": 0.8936170212765958, "2": 0.8405797101449275, "3": 0.7722772277227723}, "ROC-AUC": {"1": 0.9943651389932382, "2": 0.9293650793650793, "3": 0.9255578093306288}}, "Ensemble": {"accuracy": 0.8251748251748252, "recall": {"1": 0.9545454545454546, "2": 0.9206349206349206, "3": 0.6724137931034483}, "precision": {"1": 0.84, "2": 0.7733333333333333, "3": 0.9069767441860465}, "f1_score": {"1": 0.8936170212765958, "2": 0.8405797101449275, "3": 0.7722772277227723}}, "CART": {"accuracy": 0.7902097902097902, "recall": {"1": 0.8181818181818182, "2": 0.8571428571428571, "3": 0.7068965517241379}, "precision": {"1": 0.9, "2": 0.7714285714285715, "3": 0.7735849056603774}, "f1_score": {"1": 0.8571428571428572, "2": 0.81203007518797, "3": 0.7387387387387387}, "ROC-AUC": {"1": 0.9008264462809918, "2": 0.8285714285714286, "3": 0.7828600405679514}}, "kNN": {"accuracy": 0.7482517482517482, "recall": {"1": 0.8636363636363636, "2": 0.7936507936507936, "3": 0.6551724137931034}, "precision": {"1": 0.7916666666666666, "2": 0.7352941176470589, "3": 0.7450980392156863}, "f1_score": {"1": 0.8260869565217391, "2": 0.7633587786259542, "3": 0.6972477064220184}, "ROC-AUC": {"1": 0.9111570247933884, "2": 0.7843253968253968, "3": 0.7511156186612576}}, "SVM-Lin": {"accuracy": 0.7132867132867133, "recall": {"1": 1.0, "2": 0.6190476190476191, "3": 0.7068965517241379}, "precision": {"1": 0.8461538461538461, "2": 0.7358490566037735, "3": 0.640625}, "f1_score": {"1": 0.9166666666666666, "2": 0.6724137931034483, "3": 0.6721311475409836}}, "GNB": {"accuracy": 0.6363636363636364, "recall": {"1": 1.0, "2": 0.42857142857142855, "3": 0.7241379310344828}, "precision": {"1": 0.55, "2": 0.7105263157894737, "3": 0.6461538461538462}, "f1_score": {"1": 0.7096774193548387, "2": 0.5346534653465346, "3": 0.6829268292682927}, "ROC-AUC": {"1": 0.9297520661157024, "2": 0.7471230158730158, "3": 0.7744421906693713}}, "ADA": {"accuracy": 0.6153846153846154, "recall": {"1": 0.9090909090909091, "2": 0.4444444444444444, "3": 0.6896551724137931}, "precision": {"1": 0.8695652173913043, "2": 0.6222222222222222, "3": 0.5333333333333333}, "f1_score": {"1": 0.888888888888889, "2": 0.5185185185185185, "3": 0.6015037593984963}, "ROC-AUC": {"1": 0.9973703981968445, "2": 0.6365079365079365, "3": 0.739553752535497}}, "SVM-Sig": {"accuracy": 0.5454545454545454, "recall": {"1": 1.0, "2": 0.2222222222222222, "3": 0.7241379310344828}, "precision": {"1": 0.5365853658536586, "2": 0.5833333333333334, "3": 0.5384615384615384}, "f1_score": {"1": 0.6984126984126985, "2": 0.3218390804597701, "3": 0.6176470588235294}}}