{
    "GNB": {
        "accuracy": 0.6433566433566433,
        "cw_accuracy": {
            "1": 0.87412588292826,
            "2": 0.6783217008166643,
            "3": 0.7342657528485488
        },
        "recall": {
            "1": 1,
            "2": 0.4126984126984127,
            "3": 0.7586206896551724
        },
        "precision": {
            "1": 0.55,
            "2": 0.7428571428571429,
            "3": 0.6470588235294118
        },
        "f1_score": {
            "1": 0.7096774193548387,
            "2": 0.5306122448979592,
            "3": 0.6984126984126984
        },
        "ROC-AUC": {
            "1": 0.9256198347107438,
            "2": 0.7488095238095238,
            "3": 0.8174442190669372
        }
    },
    "kNN": {
        "accuracy": 0.8321678321678322,
        "cw_accuracy": {
            "1": 0.9860139869920289,
            "2": 0.8391608504083321,
            "3": 0.8391608504083321
        },
        "recall": {
            "1": 0.9545454545454546,
            "2": 0.873015873015873,
            "3": 0.7413793103448276
        },
        "precision": {
            "1": 0.9545454545454546,
            "2": 0.7857142857142857,
            "3": 0.8431372549019608
        },
        "f1_score": {
            "1": 0.9545454545454546,
            "2": 0.8270676691729324,
            "3": 0.7889908256880734
        },
        "ROC-AUC": {
            "1": 0.9731404958677686,
            "2": 0.8427579365079365,
            "3": 0.823630831643002
        }
    },
    "Ensemble": {
        "accuracy": 0.8601398601398601,
        "cw_accuracy": {
            "1": 0.9720279739840577,
            "2": 0.8811188894322455,
            "3": 0.8671328764242744
        },
        "recall": {
            "1": 0.9545454545454546,
            "2": 0.9365079365079365,
            "3": 0.7413793103448276
        },
        "precision": {
            "1": 0.875,
            "2": 0.8194444444444444,
            "3": 0.9148936170212766
        },
        "f1_score": {
            "1": 0.9130434782608695,
            "2": 0.874074074074074,
            "3": 0.819047619047619
        }
    },
    "CART": {
        "accuracy": 0.7622377622377622,
        "cw_accuracy": {
            "1": 0.9720279739840577,
            "2": 0.7762237918724622,
            "3": 0.7762237918724622
        },
        "recall": {
            "1": 0.9090909090909091,
            "2": 0.746031746031746,
            "3": 0.7241379310344828
        },
        "precision": {
            "1": 0.9090909090909091,
            "2": 0.746031746031746,
            "3": 0.7241379310344828
        },
        "f1_score": {
            "1": 0.9090909090909091,
            "2": 0.746031746031746,
            "3": 0.7241379310344829
        },
        "ROC-AUC": {
            "1": 0.9462809917355374,
            "2": 0.773015873015873,
            "3": 0.7679513184584178
        }
    },
    "SVM-Sig": {
        "accuracy": 0.43356643356643354,
        "cw_accuracy": {
            "1": 0.9580419609760866,
            "2": 0.4685315056970975,
            "3": 0.4405594796811553
        },
        "recall": {
            "1": 0.8636363636363636,
            "2": 0.031746031746031744,
            "3": 0.7068965517241379
        },
        "precision": {
            "1": 0.8636363636363636,
            "2": 0.11764705882352941,
            "3": 0.3942307692307692
        },
        "f1_score": {
            "1": 0.8636363636363636,
            "2": 0.049999999999999996,
            "3": 0.5061728395061729
        }
    },
    "XGB": {
        "accuracy": 0.8251748251748252,
        "cw_accuracy": {
            "1": 0.9650349674800722,
            "2": 0.8461538569123177,
            "3": 0.8391608504083321
        },
        "recall": {
            "1": 0.9545454545454546,
            "2": 0.9047619047619048,
            "3": 0.6896551724137931
        },
        "precision": {
            "1": 0.84,
            "2": 0.7808219178082192,
            "3": 0.8888888888888888
        },
        "f1_score": {
            "1": 0.8936170212765958,
            "2": 0.8382352941176471,
            "3": 0.7766990291262136
        },
        "ROC-AUC": {
            "1": 0.9951164537941397,
            "2": 0.9238095238095239,
            "3": 0.9217038539553754
        }
    },
    "RF": {
        "accuracy": 0.8251748251748252,
        "cw_accuracy": {
            "1": 0.9580419609760866,
            "2": 0.8461538569123177,
            "3": 0.8461538569123177
        },
        "recall": {
            "1": 0.9545454545454546,
            "2": 0.9206349206349206,
            "3": 0.6724137931034483
        },
        "precision": {
            "1": 0.8076923076923077,
            "2": 0.7733333333333333,
            "3": 0.9285714285714286
        },
        "f1_score": {
            "1": 0.875,
            "2": 0.8405797101449275,
            "3": 0.78
        },
        "ROC-AUC": {
            "1": 0.9977460555972952,
            "2": 0.9235119047619047,
            "3": 0.9228194726166329
        }
    },
    "SVM-RBF": {
        "accuracy": 0.8041958041958042,
        "cw_accuracy": {
            "1": 0.9580419609760866,
            "2": 0.8391608504083321,
            "3": 0.8111888243923899
        },
        "recall": {
            "1": 0.8636363636363636,
            "2": 0.9047619047619048,
            "3": 0.6724137931034483
        },
        "precision": {
            "1": 0.8636363636363636,
            "2": 0.7702702702702703,
            "3": 0.8297872340425532
        },
        "f1_score": {
            "1": 0.8636363636363636,
            "2": 0.832116788321168,
            "3": 0.7428571428571429
        }
    },
    "SVM-Lin": {
        "accuracy": 0.6923076923076923,
        "cw_accuracy": {
            "1": 0.9580419609760866,
            "2": 0.7132867333365921,
            "3": 0.7132867333365921
        },
        "recall": {
            "1": 0.9545454545454546,
            "2": 0.6507936507936508,
            "3": 0.6379310344827587
        },
        "precision": {
            "1": 0.8076923076923077,
            "2": 0.6833333333333333,
            "3": 0.6491228070175439
        },
        "f1_score": {
            "1": 0.875,
            "2": 0.6666666666666666,
            "3": 0.6434782608695653
        }
    },
    "ADA": {
        "accuracy": 0.5804195804195804,
        "cw_accuracy": {
            "1": 0.9510489544721011,
            "2": 0.6153846422807943,
            "3": 0.5944056227688376
        },
        "recall": {
            "1": 0.8181818181818182,
            "2": 0.5873015873015873,
            "3": 0.4827586206896552
        },
        "precision": {
            "1": 0.8571428571428571,
            "2": 0.5606060606060606,
            "3": 0.5
        },
        "f1_score": {
            "1": 0.8372093023255814,
            "2": 0.5736434108527131,
            "3": 0.49122807017543857
        },
        "ROC-AUC": {
            "1": 0.9932381667918858,
            "2": 0.6406746031746031,
            "3": 0.6531440162271805
        }
    }
}