{
    "kNN": {
        "accuracy": 0.8555555555555555,
        "recall": {
            "1": 1,
            "2": 0.7692307692307693,
            "3": 0.7894736842105263
        },
        "precision": {
            "1": 0.9696969696969697,
            "2": 0.9090909090909091,
            "3": 0.625
        },
        "f1_score": {
            "1": 0.9846153846153847,
            "2": 0.8333333333333333,
            "3": 0.6976744186046512
        },
        "ROC-AUC": {
            "1": 0.9913793103448275,
            "2": 0.8552036199095022,
            "3": 0.8313565604151223
        }
    },
    "RF": {
        "accuracy": 0.8333333333333334,
        "recall": {
            "1": 1,
            "2": 0.8205128205128205,
            "3": 0.5789473684210527
        },
        "precision": {
            "1": 0.9411764705882353,
            "2": 0.8421052631578947,
            "3": 0.6111111111111112
        },
        "f1_score": {
            "1": 0.9696969696969697,
            "2": 0.8311688311688312,
            "3": 0.5945945945945946
        },
        "ROC-AUC": {
            "1": 0.9967672413793105,
            "2": 0.9479638009049773,
            "3": 0.8843587842846553
        }
    },
    "SVM-RBF": {
        "accuracy": 0.8333333333333334,
        "recall": {
            "1": 1,
            "2": 0.8205128205128205,
            "3": 0.5789473684210527
        },
        "precision": {
            "1": 0.9411764705882353,
            "2": 0.8421052631578947,
            "3": 0.6111111111111112
        },
        "f1_score": {
            "1": 0.9696969696969697,
            "2": 0.8311688311688312,
            "3": 0.5945945945945946
        }
    },
    "GNB": {
        "accuracy": 0.6333333333333333,
        "recall": {
            "1": 1,
            "2": 0.38461538461538464,
            "3": 0.5263157894736842
        },
        "precision": {
            "1": 0.7441860465116279,
            "2": 0.7894736842105263,
            "3": 0.35714285714285715
        },
        "f1_score": {
            "1": 0.8533333333333333,
            "2": 0.5172413793103449,
            "3": 0.425531914893617
        },
        "ROC-AUC": {
            "1": 0.9051724137931034,
            "2": 0.8667672197083962,
            "3": 0.7183098591549295
        }
    },
    "Ensemble": {
        "accuracy": 0.8555555555555555,
        "recall": {
            "1": 1,
            "2": 0.8974358974358975,
            "3": 0.5263157894736842
        },
        "precision": {
            "1": 0.9411764705882353,
            "2": 0.8333333333333334,
            "3": 0.7142857142857143
        },
        "f1_score": {
            "1": 0.9696969696969697,
            "2": 0.8641975308641975,
            "3": 0.6060606060606061
        }
    },
    "CART": {
        "accuracy": 0.8,
        "recall": {
            "1": 0.96875,
            "2": 0.8461538461538461,
            "3": 0.42105263157894735
        },
        "precision": {
            "1": 0.9393939393939394,
            "2": 0.7674418604651163,
            "3": 0.5714285714285714
        },
        "f1_score": {
            "1": 0.9538461538461539,
            "2": 0.8048780487804877,
            "3": 0.48484848484848486
        },
        "ROC-AUC": {
            "1": 0.9660560344827587,
            "2": 0.8345902463549522,
            "3": 0.6808747220163084
        }
    },
    "XGB": {
        "accuracy": 0.7888888888888889,
        "recall": {
            "1": 1,
            "2": 0.7948717948717948,
            "3": 0.42105263157894735
        },
        "precision": {
            "1": 0.9411764705882353,
            "2": 0.775,
            "3": 0.5
        },
        "f1_score": {
            "1": 0.9696969696969697,
            "2": 0.7848101265822786,
            "3": 0.45714285714285713
        },
        "ROC-AUC": {
            "1": 0.996228448275862,
            "2": 0.9291101055806937,
            "3": 0.8524833209785027
        }
    },
    "SVM-Lin": {
        "accuracy": 0.8222222222222222,
        "recall": {
            "1": 1,
            "2": 0.8974358974358975,
            "3": 0.3684210526315789
        },
        "precision": {
            "1": 0.9411764705882353,
            "2": 0.7777777777777778,
            "3": 0.6363636363636364
        },
        "f1_score": {
            "1": 0.9696969696969697,
            "2": 0.8333333333333333,
            "3": 0.4666666666666667
        }
    },
    "SVM-Sig": {
        "accuracy": 0.6888888888888889,
        "recall": {
            "1": 0.96875,
            "2": 0.6153846153846154,
            "3": 0.3684210526315789
        },
        "precision": {
            "1": 0.7045454545454546,
            "2": 0.75,
            "3": 0.5
        },
        "f1_score": {
            "1": 0.8157894736842106,
            "2": 0.676056338028169,
            "3": 0.4242424242424242
        }
    },
    "ADA": {
        "accuracy": 0.7888888888888889,
        "recall": {
            "1": 1,
            "2": 1,
            "3": 0
        },
        "precision": {
            "1": 0.9411764705882353,
            "2": 0.6964285714285714,
            "3": 0
        },
        "f1_score": {
            "1": 0.9696969696969697,
            "2": 0.8210526315789474,
            "3": 0
        },
        "ROC-AUC": {
            "1": 0.982219827586207,
            "2": 0.8564605329311211,
            "3": 0.7008895478131949
        }
    }
}