{"RF": {"accuracy": 0.8461538461538461, "recall": {"1": 0.9090909090909091, "2": 0.9682539682539683, "3": 0.6896551724137931}, "precision": {"1": 0.9523809523809523, "2": 0.7625, "3": 0.9523809523809523}, "f1_score": {"1": 0.9302325581395349, "2": 0.8531468531468531, "3": 0.7999999999999999}, "ROC-AUC": {"1": 0.9988730277986476, "2": 0.9254960317460317, "3": 0.9163286004056793}}, "Ensemble": {"accuracy": 0.8461538461538461, "recall": {"1": 0.9545454545454546, "2": 0.9523809523809523, "3": 0.6896551724137931}, "precision": {"1": 0.875, "2": 0.7792207792207793, "3": 0.9523809523809523}, "f1_score": {"1": 0.9130434782608695, "2": 0.8571428571428571, "3": 0.7999999999999999}}, "XGB": {"accuracy": 0.8111888111888111, "recall": {"1": 0.9090909090909091, "2": 0.9047619047619048, "3": 0.6724137931034483}, "precision": {"1": 0.8695652173913043, "2": 0.75, "3": 0.8863636363636364}, "f1_score": {"1": 0.888888888888889, "2": 0.8201438848920864, "3": 0.7647058823529411}, "ROC-AUC": {"1": 0.9973703981968445, "2": 0.910515873015873, "3": 0.8959432048681542}}, "kNN": {"accuracy": 0.8041958041958042, "recall": {"1": 0.9090909090909091, "2": 0.8253968253968254, "3": 0.7413793103448276}, "precision": {"1": 0.9523809523809523, "2": 0.7647058823529411, "3": 0.7962962962962963}, "f1_score": {"1": 0.9302325581395349, "2": 0.7938931297709922, "3": 0.7678571428571429}, "ROC-AUC": {"1": 0.9504132231404959, "2": 0.8126984126984128, "3": 0.8059837728194726}}, "SVM-RBF": {"accuracy": 0.8041958041958042, "recall": {"1": 0.9545454545454546, "2": 0.873015873015873, "3": 0.6724137931034483}, "precision": {"1": 0.84, "2": 0.7746478873239436, "3": 0.8297872340425532}, "f1_score": {"1": 0.8936170212765958, "2": 0.8208955223880596, "3": 0.7428571428571429}}, "ADA": {"accuracy": 0.7552447552447552, "recall": {"1": 0.9090909090909091, "2": 0.8571428571428571, "3": 0.5862068965517241}, "precision": {"1": 0.9523809523809523, "2": 0.6835443037974683, "3": 0.7906976744186046}, "f1_score": {"1": 0.9302325581395349, "2": 0.7605633802816901, "3": 0.6732673267326732}, "ROC-AUC": {"1": 0.9922990232907588, "2": 0.7845238095238095, "3": 0.7883367139959432}}, "CART": {"accuracy": 0.7482517482517482, "recall": {"1": 0.8636363636363636, "2": 0.7936507936507936, "3": 0.6551724137931034}, "precision": {"1": 0.95, "2": 0.7142857142857143, "3": 0.7169811320754716}, "f1_score": {"1": 0.9047619047619048, "2": 0.7518796992481204, "3": 0.6846846846846846}, "ROC-AUC": {"1": 0.9207362885048835, "2": 0.8125, "3": 0.772920892494929}}, "LR": {"accuracy": 0.7412587412587412, "recall": {"1": 1.0, "2": 0.6825396825396826, "3": 0.7068965517241379}, "precision": {"1": 0.88, "2": 0.7413793103448276, "3": 0.6833333333333333}, "f1_score": {"1": 0.9361702127659575, "2": 0.7107438016528926, "3": 0.6949152542372882}, "ROC-AUC": {"1": 0.9984973703981969, "2": 0.8406746031746032, "3": 0.8298174442190669}}, "SVM-Lin": {"accuracy": 0.7342657342657343, "recall": {"1": 1.0, "2": 0.6825396825396826, "3": 0.6896551724137931}, "precision": {"1": 0.88, "2": 0.7288135593220338, "3": 0.6779661016949152}, "f1_score": {"1": 0.9361702127659575, "2": 0.7049180327868851, "3": 0.6837606837606838}}, "SVM-Sig": {"accuracy": 0.6923076923076923, "recall": {"1": 0.9090909090909091, "2": 0.6507936507936508, "3": 0.6551724137931034}, "precision": {"1": 0.8695652173913043, "2": 0.6721311475409836, "3": 0.6440677966101694}, "f1_score": {"1": 0.888888888888889, "2": 0.6612903225806451, "3": 0.6495726495726496}}, "GNB": {"accuracy": 0.6713286713286714, "recall": {"1": 1.0, "2": 0.49206349206349204, "3": 0.7413793103448276}, "precision": {"1": 0.6470588235294118, "2": 0.7209302325581395, "3": 0.6515151515151515}, "f1_score": {"1": 0.7857142857142858, "2": 0.5849056603773584, "3": 0.6935483870967741}, "ROC-AUC": {"1": 0.9504132231404959, "2": 0.766765873015873, "3": 0.7641987829614605}}}