{
    "RF": {
        "accuracy": 0.8741258741258742,
        "cw_accuracy": {
            "1": 0.9930069934960144,
            "2": 0.8811188894322455,
            "3": 0.87412588292826
        },
        "recall": {
            "1": 0.9545454545454546,
            "2": 0.9682539682539683,
            "3": 0.7413793103448276
        },
        "precision": {
            "1": 1,
            "2": 0.8026315789473685,
            "3": 0.9347826086956522
        },
        "f1_score": {
            "1": 0.9767441860465117,
            "2": 0.8776978417266187,
            "3": 0.826923076923077
        },
        "ROC-AUC": {
            "1": 0.9973703981968445,
            "2": 0.9346230158730159,
            "3": 0.9287018255578093
        }
    },
    "Ensemble": {
        "accuracy": 0.8531468531468531,
        "cw_accuracy": {
            "1": 0.9720279739840577,
            "2": 0.8811188894322455,
            "3": 0.8531468634163033
        },
        "recall": {
            "1": 0.9545454545454546,
            "2": 0.9682539682539683,
            "3": 0.6896551724137931
        },
        "precision": {
            "1": 0.875,
            "2": 0.8026315789473685,
            "3": 0.9302325581395349
        },
        "f1_score": {
            "1": 0.9130434782608695,
            "2": 0.8776978417266187,
            "3": 0.7920792079207921
        }
    },
    "XGB": {
        "accuracy": 0.8251748251748252,
        "cw_accuracy": {
            "1": 0.9650349674800722,
            "2": 0.8461538569123177,
            "3": 0.8391608504083321
        },
        "recall": {
            "1": 0.9545454545454546,
            "2": 0.9206349206349206,
            "3": 0.6724137931034483
        },
        "precision": {
            "1": 0.84,
            "2": 0.7733333333333333,
            "3": 0.9069767441860465
        },
        "f1_score": {
            "1": 0.8936170212765958,
            "2": 0.8405797101449275,
            "3": 0.7722772277227723
        },
        "ROC-AUC": {
            "1": 0.992862509391435,
            "2": 0.9251984126984127,
            "3": 0.9182555780933063
        }
    },
    "CART": {
        "accuracy": 0.8041958041958042,
        "cw_accuracy": {
            "1": 0.9720279739840577,
            "2": 0.8181818308963754,
            "3": 0.8181818308963754
        },
        "recall": {
            "1": 0.9545454545454546,
            "2": 0.8888888888888888,
            "3": 0.6551724137931034
        },
        "precision": {
            "1": 0.875,
            "2": 0.7466666666666667,
            "3": 0.8636363636363636
        },
        "f1_score": {
            "1": 0.9130434782608695,
            "2": 0.8115942028985508,
            "3": 0.7450980392156864
        },
        "ROC-AUC": {
            "1": 0.9648760330578512,
            "2": 0.8256944444444443,
            "3": 0.7922920892494929
        }
    },
    "SVM-RBF": {
        "accuracy": 0.7902097902097902,
        "cw_accuracy": {
            "1": 0.9510489544721011,
            "2": 0.8391608504083321,
            "3": 0.7902098048804332
        },
        "recall": {
            "1": 0.8636363636363636,
            "2": 0.8888888888888888,
            "3": 0.6551724137931034
        },
        "precision": {
            "1": 0.8260869565217391,
            "2": 0.7777777777777778,
            "3": 0.7916666666666666
        },
        "f1_score": {
            "1": 0.8444444444444444,
            "2": 0.8296296296296296,
            "3": 0.7169811320754716
        }
    },
    "kNN": {
        "accuracy": 0.7482517482517482,
        "cw_accuracy": {
            "1": 0.9440559479681155,
            "2": 0.7832167983764476,
            "3": 0.7692307853684766
        },
        "recall": {
            "1": 0.8636363636363636,
            "2": 0.7936507936507936,
            "3": 0.6551724137931034
        },
        "precision": {
            "1": 0.7916666666666666,
            "2": 0.7352941176470589,
            "3": 0.7450980392156863
        },
        "f1_score": {
            "1": 0.8260869565217391,
            "2": 0.7633587786259542,
            "3": 0.6972477064220184
        },
        "ROC-AUC": {
            "1": 0.9111570247933884,
            "2": 0.7843253968253968,
            "3": 0.7511156186612576
        }
    },
    "SVM-Lin": {
        "accuracy": 0.6713286713286714,
        "cw_accuracy": {
            "1": 0.9510489544721011,
            "2": 0.699300720328621,
            "3": 0.6923077138246354
        },
        "recall": {
            "1": 0.9090909090909091,
            "2": 0.6666666666666666,
            "3": 0.5862068965517241
        },
        "precision": {
            "1": 0.8,
            "2": 0.65625,
            "3": 0.6296296296296297
        },
        "f1_score": {
            "1": 0.8510638297872342,
            "2": 0.6614173228346457,
            "3": 0.6071428571428571
        }
    },
    "GNB": {
        "accuracy": 0.6363636363636364,
        "cw_accuracy": {
            "1": 0.8811188894322455,
            "2": 0.6643356878086931,
            "3": 0.7272727463445632
        },
        "recall": {
            "1": 1,
            "2": 0.42857142857142855,
            "3": 0.7241379310344828
        },
        "precision": {
            "1": 0.5641025641025641,
            "2": 0.6923076923076923,
            "3": 0.6461538461538462
        },
        "f1_score": {
            "1": 0.7213114754098361,
            "2": 0.5294117647058824,
            "3": 0.6829268292682927
        },
        "ROC-AUC": {
            "1": 0.9380165289256197,
            "2": 0.7452380952380953,
            "3": 0.7728194726166329
        }
    },
    "ADA": {
        "accuracy": 0.6013986013986014,
        "cw_accuracy": {
            "1": 0.9580419609760866,
            "2": 0.6223776487847799,
            "3": 0.6223776487847799
        },
        "recall": {
            "1": 0.9545454545454546,
            "2": 0.6031746031746031,
            "3": 0.46551724137931033
        },
        "precision": {
            "1": 0.8076923076923077,
            "2": 0.5671641791044776,
            "3": 0.54
        },
        "f1_score": {
            "1": 0.875,
            "2": 0.5846153846153845,
            "3": 0.5
        },
        "ROC-AUC": {
            "1": 0.9917355371900827,
            "2": 0.639186507936508,
            "3": 0.7175456389452333
        }
    },
    "SVM-Sig": {
        "accuracy": 0.5664335664335665,
        "cw_accuracy": {
            "1": 0.8531468634163033,
            "2": 0.6153846422807943,
            "3": 0.6643356878086931
        },
        "recall": {
            "1": 1,
            "2": 0.2222222222222222,
            "3": 0.7758620689655172
        },
        "precision": {
            "1": 0.5116279069767442,
            "2": 0.7,
            "3": 0.5625
        },
        "f1_score": {
            "1": 0.676923076923077,
            "2": 0.3373493975903614,
            "3": 0.6521739130434782
        }
    }
}