{
    "Ensemble": {
        "accuracy": 0.8671328671328671,
        "recall": {
            "1": 1,
            "2": 0.9523809523809523,
            "3": 0.7241379310344828
        },
        "precision": {
            "1": 0.9166666666666666,
            "2": 0.8,
            "3": 0.9545454545454546
        },
        "f1_score": {
            "1": 0.9565217391304348,
            "2": 0.8695652173913043,
            "3": 0.823529411764706
        }
    },
    "SVM-RBF": {
        "accuracy": 0.8531468531468531,
        "recall": {
            "1": 0.9545454545454546,
            "2": 0.9206349206349206,
            "3": 0.7413793103448276
        },
        "precision": {
            "1": 0.875,
            "2": 0.8055555555555556,
            "3": 0.9148936170212766
        },
        "f1_score": {
            "1": 0.9130434782608695,
            "2": 0.8592592592592592,
            "3": 0.819047619047619
        }
    },
    "RF": {
        "accuracy": 0.8461538461538461,
        "recall": {
            "1": 1,
            "2": 0.9365079365079365,
            "3": 0.6896551724137931
        },
        "precision": {
            "1": 0.9166666666666666,
            "2": 0.7763157894736842,
            "3": 0.9302325581395349
        },
        "f1_score": {
            "1": 0.9565217391304348,
            "2": 0.8489208633093525,
            "3": 0.7920792079207921
        },
        "ROC-AUC": {
            "1": 0.9992486851990985,
            "2": 0.9297619047619048,
            "3": 0.9309330628803245
        }
    },
    "XGB": {
        "accuracy": 0.8391608391608392,
        "recall": {
            "1": 1,
            "2": 0.9365079365079365,
            "3": 0.6724137931034483
        },
        "precision": {
            "1": 0.88,
            "2": 0.7763157894736842,
            "3": 0.9285714285714286
        },
        "f1_score": {
            "1": 0.9361702127659575,
            "2": 0.8489208633093525,
            "3": 0.78
        },
        "ROC-AUC": {
            "1": 0.9988730277986476,
            "2": 0.9178571428571428,
            "3": 0.9070993914807303
        }
    },
    "kNN": {
        "accuracy": 0.8111888111888111,
        "recall": {
            "1": 0.9545454545454546,
            "2": 0.8571428571428571,
            "3": 0.7068965517241379
        },
        "precision": {
            "1": 0.9130434782608695,
            "2": 0.7714285714285715,
            "3": 0.82
        },
        "f1_score": {
            "1": 0.9333333333333332,
            "2": 0.81203007518797,
            "3": 0.7592592592592593
        },
        "ROC-AUC": {
            "1": 0.96900826446281,
            "2": 0.8285714285714286,
            "3": 0.8005070993914807
        }
    },
    "CART": {
        "accuracy": 0.8041958041958042,
        "recall": {
            "1": 1,
            "2": 0.7619047619047619,
            "3": 0.7758620689655172
        },
        "precision": {
            "1": 0.9166666666666666,
            "2": 0.7868852459016393,
            "3": 0.7758620689655172
        },
        "f1_score": {
            "1": 0.9565217391304348,
            "2": 0.7741935483870968,
            "3": 0.7758620689655173
        },
        "ROC-AUC": {
            "1": 0.9917355371900827,
            "2": 0.799702380952381,
            "3": 0.8114604462474646
        }
    },
    "SVM-Lin": {
        "accuracy": 0.6713286713286714,
        "recall": {
            "1": 1,
            "2": 0.6666666666666666,
            "3": 0.5517241379310345
        },
        "precision": {
            "1": 0.8148148148148148,
            "2": 0.6363636363636364,
            "3": 0.64
        },
        "f1_score": {
            "1": 0.8979591836734693,
            "2": 0.6511627906976744,
            "3": 0.5925925925925927
        }
    },
    "GNB": {
        "accuracy": 0.6223776223776224,
        "recall": {
            "1": 1,
            "2": 0.3968253968253968,
            "3": 0.7241379310344828
        },
        "precision": {
            "1": 0.5945945945945946,
            "2": 0.6756756756756757,
            "3": 0.6086956521739131
        },
        "f1_score": {
            "1": 0.7457627118644068,
            "2": 0.5,
            "3": 0.6614173228346457
        },
        "ROC-AUC": {
            "1": 0.9421487603305785,
            "2": 0.7412698412698413,
            "3": 0.7543610547667343
        }
    },
    "ADA": {
        "accuracy": 0.5664335664335665,
        "recall": {
            "1": 1,
            "2": 0.9365079365079365,
            "3": 0
        },
        "precision": {
            "1": 0.7857142857142857,
            "2": 0.5130434782608696,
            "3": 0
        },
        "f1_score": {
            "1": 0.88,
            "2": 0.6629213483146068,
            "3": 0
        },
        "ROC-AUC": {
            "1": 0.997182569496619,
            "2": 0.5746031746031746,
            "3": 0.7228194726166328
        }
    },
    "SVM-Sig": {
        "accuracy": 0.5454545454545454,
        "recall": {
            "1": 1,
            "2": 0.1746031746031746,
            "3": 0.7758620689655172
        },
        "precision": {
            "1": 0.5365853658536586,
            "2": 0.6111111111111112,
            "3": 0.5357142857142857
        },
        "f1_score": {
            "1": 0.6984126984126985,
            "2": 0.2716049382716049,
            "3": 0.6338028169014084
        }
    }
}