{"RF": {"accuracy": 0.8601398601398601, "recall": {"1": 0.9090909090909091, "2": 0.9206349206349206, "3": 0.7758620689655172}, "precision": {"1": 0.9523809523809523, "2": 0.8055555555555556, "3": 0.9}, "f1_score": {"1": 0.9302325581395349, "2": 0.8592592592592592, "3": 0.8333333333333334}, "ROC-AUC": {"1": 0.998121712997746, "2": 0.9208333333333333, "3": 0.9174442190669371}}, "Ensemble": {"accuracy": 0.8531468531468531, "recall": {"1": 0.9545454545454546, "2": 0.9206349206349206, "3": 0.7413793103448276}, "precision": {"1": 0.875, "2": 0.8285714285714286, "3": 0.8775510204081632}, "f1_score": {"1": 0.9130434782608695, "2": 0.8721804511278196, "3": 0.8037383177570093}}, "XGB": {"accuracy": 0.8391608391608392, "recall": {"1": 0.9090909090909091, "2": 0.9047619047619048, "3": 0.7413793103448276}, "precision": {"1": 0.9523809523809523, "2": 0.7916666666666666, "3": 0.86}, "f1_score": {"1": 0.9302325581395349, "2": 0.8444444444444444, "3": 0.7962962962962963}, "ROC-AUC": {"1": 0.9984973703981969, "2": 0.9220238095238095, "3": 0.9095334685598377}}, "SVM-RBF": {"accuracy": 0.8251748251748252, "recall": {"1": 0.8636363636363636, "2": 0.9047619047619048, "3": 0.7241379310344828}, "precision": {"1": 0.95, "2": 0.7916666666666666, "3": 0.8235294117647058}, "f1_score": {"1": 0.9047619047619048, "2": 0.8444444444444444, "3": 0.7706422018348623}}, "kNN": {"accuracy": 0.7762237762237763, "recall": {"1": 0.9545454545454546, "2": 0.7619047619047619, "3": 0.7241379310344828}, "precision": {"1": 0.7777777777777778, "2": 0.7741935483870968, "3": 0.7777777777777778}, "f1_score": {"1": 0.8571428571428572, "2": 0.768, "3": 0.75}, "ROC-AUC": {"1": 0.9881667918858001, "2": 0.868452380952381, "3": 0.8740365111561865}}, "CART": {"accuracy": 0.7272727272727273, "recall": {"1": 0.8636363636363636, "2": 0.6825396825396826, "3": 0.7241379310344828}, "precision": {"1": 0.7916666666666666, "2": 0.7288135593220338, "3": 0.7}, "f1_score": {"1": 0.8260869565217391, "2": 0.7049180327868851, "3": 0.711864406779661}, "ROC-AUC": {"1": 0.9111570247933884, "2": 0.7412698412698413, "3": 0.7561866125760648}}, "SVM-Lin": {"accuracy": 0.6713286713286714, "recall": {"1": 0.9545454545454546, "2": 0.6507936507936508, "3": 0.5862068965517241}, "precision": {"1": 0.8076923076923077, "2": 0.6507936507936508, "3": 0.6296296296296297}, "f1_score": {"1": 0.875, "2": 0.6507936507936508, "3": 0.6071428571428571}}, "GNB": {"accuracy": 0.6573426573426573, "recall": {"1": 1.0, "2": 0.4603174603174603, "3": 0.7413793103448276}, "precision": {"1": 0.6470588235294118, "2": 0.7073170731707317, "3": 0.6323529411764706}, "f1_score": {"1": 0.7857142857142858, "2": 0.5576923076923077, "3": 0.6825396825396826}, "ROC-AUC": {"1": 0.9504132231404959, "2": 0.7537698412698413, "3": 0.7740365111561867}}, "ADA": {"accuracy": 0.6083916083916084, "recall": {"1": 0.9090909090909091, "2": 0.42857142857142855, "3": 0.6896551724137931}, "precision": {"1": 0.9523809523809523, "2": 0.5869565217391305, "3": 0.5263157894736842}, "f1_score": {"1": 0.9302325581395349, "2": 0.49541284403669733, "3": 0.5970149253731344}, "ROC-AUC": {"1": 0.9951164537941397, "2": 0.6029761904761904, "3": 0.7148073022312373}}, "SVM-Sig": {"accuracy": 0.5524475524475524, "recall": {"1": 0.9545454545454546, "2": 0.12698412698412698, "3": 0.8620689655172413}, "precision": {"1": 0.5121951219512195, "2": 0.7272727272727273, "3": 0.5494505494505495}, "f1_score": {"1": 0.6666666666666667, "2": 0.2162162162162162, "3": 0.6711409395973155}}}