{"kNN": {"accuracy": 0.8111888111888111, "recall": {"1": 1.0, "2": 0.7777777777777778, "3": 0.7758620689655172}, "precision": {"1": 0.9166666666666666, "2": 0.8032786885245902, "3": 0.7758620689655172}, "f1_score": {"1": 0.9565217391304348, "2": 0.7903225806451613, "3": 0.7758620689655173}, "ROC-AUC": {"1": 0.9981217129977461, "2": 0.8937499999999998, "3": 0.8938133874239351}}, "ADA": {"accuracy": 0.6503496503496503, "recall": {"1": 0.9090909090909091, "2": 0.4444444444444444, "3": 0.7758620689655172}, "precision": {"1": 0.9523809523809523, "2": 0.6666666666666666, "3": 0.5625}, "f1_score": {"1": 0.9302325581395349, "2": 0.5333333333333333, "3": 0.6521739130434782}, "ROC-AUC": {"1": 0.9924868519909842, "2": 0.8328373015873016, "3": 0.824239350912779}}, "RF": {"accuracy": 0.8391608391608392, "recall": {"1": 0.8636363636363636, "2": 0.9047619047619048, "3": 0.7586206896551724}, "precision": {"1": 0.95, "2": 0.7916666666666666, "3": 0.8627450980392157}, "f1_score": {"1": 0.9047619047619048, "2": 0.8444444444444444, "3": 0.8073394495412843}, "ROC-AUC": {"1": 0.9988730277986477, "2": 0.924702380952381, "3": 0.918864097363083}}, "GNB": {"accuracy": 0.6503496503496503, "recall": {"1": 1.0, "2": 0.4444444444444444, "3": 0.7413793103448276}, "precision": {"1": 0.6470588235294118, "2": 0.7, "3": 0.6231884057971014}, "f1_score": {"1": 0.7857142857142858, "2": 0.5436893203883495, "3": 0.6771653543307088}, "ROC-AUC": {"1": 0.9504132231404959, "2": 0.7564484126984127, "3": 0.769371196754564}}, "XGB": {"accuracy": 0.8391608391608392, "recall": {"1": 0.9090909090909091, "2": 0.9047619047619048, "3": 0.7413793103448276}, "precision": {"1": 0.9523809523809523, "2": 0.7916666666666666, "3": 0.86}, "f1_score": {"1": 0.9302325581395349, "2": 0.8444444444444444, "3": 0.7962962962962963}, "ROC-AUC": {"1": 0.9984973703981969, "2": 0.9220238095238095, "3": 0.9095334685598377}}, "Ensemble": {"accuracy": 0.8531468531468531, "recall": {"1": 0.9545454545454546, "2": 0.9206349206349206, "3": 0.7413793103448276}, "precision": {"1": 0.9130434782608695, "2": 0.8169014084507042, "3": 0.8775510204081632}, "f1_score": {"1": 0.9333333333333332, "2": 0.8656716417910447, "3": 0.8037383177570093}}, "CART": {"accuracy": 0.7272727272727273, "recall": {"1": 0.8636363636363636, "2": 0.6825396825396826, "3": 0.7241379310344828}, "precision": {"1": 0.7916666666666666, "2": 0.7288135593220338, "3": 0.7}, "f1_score": {"1": 0.8260869565217391, "2": 0.7049180327868851, "3": 0.711864406779661}, "ROC-AUC": {"1": 0.9111570247933884, "2": 0.7412698412698413, "3": 0.7561866125760648}}, "SVM-RBF": {"accuracy": 0.8181818181818182, "recall": {"1": 0.9545454545454546, "2": 0.8571428571428571, "3": 0.7241379310344828}, "precision": {"1": 0.8076923076923077, "2": 0.8181818181818182, "3": 0.8235294117647058}, "f1_score": {"1": 0.875, "2": 0.8372093023255814, "3": 0.7706422018348623}}, "SVM-Sig": {"accuracy": 0.6643356643356644, "recall": {"1": 0.9090909090909091, "2": 0.5396825396825397, "3": 0.7068965517241379}, "precision": {"1": 0.8695652173913043, "2": 0.6666666666666666, "3": 0.5942028985507246}, "f1_score": {"1": 0.888888888888889, "2": 0.5964912280701754, "3": 0.6456692913385826}}, "SVM-Lin": {"accuracy": 0.7132867132867133, "recall": {"1": 0.9545454545454546, "2": 0.7301587301587301, "3": 0.603448275862069}, "precision": {"1": 0.7777777777777778, "2": 0.696969696969697, "3": 0.7}, "f1_score": {"1": 0.8571428571428572, "2": 0.7131782945736433, "3": 0.6481481481481481}}}