{"Ensemble": {"accuracy": 0.8321678321678322, "recall": {"1": 0.9545454545454546, "2": 0.873015873015873, "3": 0.7413793103448276}, "precision": {"1": 0.9545454545454546, "2": 0.7857142857142857, "3": 0.8431372549019608}, "f1_score": {"1": 0.9545454545454546, "2": 0.8270676691729324, "3": 0.7889908256880734}}, "XGB": {"accuracy": 0.8111888111888111, "recall": {"1": 1.0, "2": 0.8253968253968254, "3": 0.7241379310344828}, "precision": {"1": 0.9565217391304348, "2": 0.7761194029850746, "3": 0.7924528301886793}, "f1_score": {"1": 0.9777777777777777, "2": 0.8, "3": 0.7567567567567567}, "ROC-AUC": {"1": 0.9981217129977461, "2": 0.9198412698412698, "3": 0.9109533468559837}}, "SVM-RBF": {"accuracy": 0.8041958041958042, "recall": {"1": 0.9545454545454546, "2": 0.7936507936507936, "3": 0.7586206896551724}, "precision": {"1": 0.8076923076923077, "2": 0.8064516129032258, "3": 0.8}, "f1_score": {"1": 0.875, "2": 0.7999999999999999, "3": 0.7787610619469026}}, "RF": {"accuracy": 0.7972027972027972, "recall": {"1": 0.9545454545454546, "2": 0.8095238095238095, "3": 0.7241379310344828}, "precision": {"1": 0.9545454545454546, "2": 0.7611940298507462, "3": 0.7777777777777778}, "f1_score": {"1": 0.9545454545454546, "2": 0.7846153846153846, "3": 0.75}, "ROC-AUC": {"1": 0.9992486851990984, "2": 0.9213293650793651, "3": 0.9174442190669371}}, "kNN": {"accuracy": 0.7972027972027972, "recall": {"1": 0.9545454545454546, "2": 0.7936507936507936, "3": 0.7413793103448276}, "precision": {"1": 1.0, "2": 0.7575757575757576, "3": 0.7678571428571429}, "f1_score": {"1": 0.9767441860465117, "2": 0.7751937984496123, "3": 0.7543859649122806}, "ROC-AUC": {"1": 0.9772727272727273, "2": 0.7968253968253969, "3": 0.7942190669371197}}, "CART": {"accuracy": 0.7062937062937062, "recall": {"1": 0.6818181818181818, "2": 0.5238095238095238, "3": 0.9137931034482759}, "precision": {"1": 0.9375, "2": 0.8918918918918919, "3": 0.5888888888888889}, "f1_score": {"1": 0.7894736842105263, "2": 0.6599999999999999, "3": 0.7162162162162162}, "ROC-AUC": {"1": 0.8240045078888053, "2": 0.8854166666666667, "3": 0.8320486815415821}}, "SVM-Lin": {"accuracy": 0.6503496503496503, "recall": {"1": 1.0, "2": 0.6031746031746031, "3": 0.5689655172413793}, "precision": {"1": 0.7586206896551724, "2": 0.6333333333333333, "3": 0.6111111111111112}, "f1_score": {"1": 0.8627450980392156, "2": 0.6178861788617885, "3": 0.5892857142857143}}, "ADA": {"accuracy": 0.6433566433566433, "recall": {"1": 0.9090909090909091, "2": 0.3968253968253968, "3": 0.8103448275862069}, "precision": {"1": 0.9523809523809523, "2": 0.6756756756756757, "3": 0.5529411764705883}, "f1_score": {"1": 0.9302325581395349, "2": 0.5, "3": 0.6573426573426574}, "ROC-AUC": {"1": 0.9930503380916604, "2": 0.8298611111111112, "3": 0.8304259634888438}}, "GNB": {"accuracy": 0.6013986013986014, "recall": {"1": 0.9545454545454546, "2": 0.3492063492063492, "3": 0.7413793103448276}, "precision": {"1": 0.6363636363636364, "2": 0.6285714285714286, "3": 0.5733333333333334}, "f1_score": {"1": 0.7636363636363637, "2": 0.44897959183673464, "3": 0.6466165413533834}, "ROC-AUC": {"1": 0.9521036814425244, "2": 0.7573412698412698, "3": 0.7323529411764707}}, "SVM-Sig": {"accuracy": 0.40559440559440557, "recall": {"1": 0.0, "2": 0.0, "3": 1.0}, "precision": {"1": 0.0, "2": 0.0, "3": 0.40559440559440557}, "f1_score": {"1": 0.0, "2": 0.0, "3": 0.5771144278606964}}}