{
    "GNB": {
        "accuracy": 0.6363636363636364,
        "recall": {
            "1": 0.9545454545454546,
            "2": 0.4444444444444444,
            "3": 0.7241379310344828
        },
        "precision": {
            "1": 0.6363636363636364,
            "2": 0.6666666666666666,
            "3": 0.6176470588235294
        },
        "f1_score": {
            "1": 0.7636363636363637,
            "2": 0.5333333333333333,
            "3": 0.6666666666666667
        },
        "ROC-AUC": {
            "1": 0.9521036814425244,
            "2": 0.7625,
            "3": 0.7460446247464503
        }
    },
    "SVM-RBF": {
        "accuracy": 0.8181818181818182,
        "recall": {
            "1": 0.9090909090909091,
            "2": 0.9365079365079365,
            "3": 0.6551724137931034
        },
        "precision": {
            "1": 0.8333333333333334,
            "2": 0.7763157894736842,
            "3": 0.8837209302325582
        },
        "f1_score": {
            "1": 0.8695652173913043,
            "2": 0.8489208633093525,
            "3": 0.7524752475247525
        }
    },
    "RF": {
        "accuracy": 0.8251748251748252,
        "recall": {
            "1": 0.9545454545454546,
            "2": 0.9523809523809523,
            "3": 0.6379310344827587
        },
        "precision": {
            "1": 0.9545454545454546,
            "2": 0.7407407407407407,
            "3": 0.925
        },
        "f1_score": {
            "1": 0.9545454545454546,
            "2": 0.8333333333333334,
            "3": 0.7551020408163266
        },
        "ROC-AUC": {
            "1": 0.9996243425995491,
            "2": 0.9155753968253968,
            "3": 0.9144016227180527
        }
    },
    "kNN": {
        "accuracy": 0.8181818181818182,
        "recall": {
            "1": 0.9545454545454546,
            "2": 0.9682539682539683,
            "3": 0.603448275862069
        },
        "precision": {
            "1": 0.9130434782608695,
            "2": 0.7349397590361446,
            "3": 0.9459459459459459
        },
        "f1_score": {
            "1": 0.9333333333333332,
            "2": 0.8356164383561644,
            "3": 0.7368421052631577
        },
        "ROC-AUC": {
            "1": 0.9765214124718258,
            "2": 0.8688492063492064,
            "3": 0.8438133874239351
        }
    },
    "SVM-Lin": {
        "accuracy": 0.7062937062937062,
        "recall": {
            "1": 1,
            "2": 0.6984126984126984,
            "3": 0.603448275862069
        },
        "precision": {
            "1": 0.88,
            "2": 0.676923076923077,
            "3": 0.660377358490566
        },
        "f1_score": {
            "1": 0.9361702127659575,
            "2": 0.6875,
            "3": 0.6306306306306305
        }
    },
    "CART": {
        "accuracy": 0.7552447552447552,
        "recall": {
            "1": 0.7727272727272727,
            "2": 0.9047619047619048,
            "3": 0.5862068965517241
        },
        "precision": {
            "1": 0.9444444444444444,
            "2": 0.6951219512195121,
            "3": 0.7906976744186046
        },
        "f1_score": {
            "1": 0.85,
            "2": 0.786206896551724,
            "3": 0.6732673267326732
        },
        "ROC-AUC": {
            "1": 0.899511645379414,
            "2": 0.8708333333333332,
            "3": 0.8319472616632861
        }
    },
    "LR": {
        "accuracy": 0.7272727272727273,
        "recall": {
            "1": 0.9545454545454546,
            "2": 0.7936507936507936,
            "3": 0.5689655172413793
        },
        "precision": {
            "1": 0.875,
            "2": 0.6756756756756757,
            "3": 0.7333333333333333
        },
        "f1_score": {
            "1": 0.9130434782608695,
            "2": 0.72992700729927,
            "3": 0.6407766990291263
        },
        "ROC-AUC": {
            "1": 0.996619083395943,
            "2": 0.8212301587301587,
            "3": 0.8087221095334686
        }
    },
    "XGB": {
        "accuracy": 0.013986013986013986,
        "recall": {
            "1": 0,
            "2": 0.045454545454545456,
            "3": 0.015873015873015872
        },
        "precision": {
            "1": 0,
            "2": 0.012195121951219513,
            "3": 0.023809523809523808
        },
        "f1_score": {
            "1": 0,
            "2": 0.019230769230769232,
            "3": 0.019047619047619046
        },
        "ROC-AUC": {
            "1": 0.9981217129977461,
            "2": 0.9221230158730158,
            "3": 0.8996957403651116
        }
    },
    "SVM-Sig": {
        "accuracy": 0.4405594405594406,
        "recall": {
            "1": 0,
            "2": 1,
            "3": 0
        },
        "precision": {
            "1": 0,
            "2": 0.4405594405594406,
            "3": 0
        },
        "f1_score": {
            "1": 0,
            "2": 0.6116504854368932,
            "3": 0
        }
    },
    "ADA": {
        "accuracy": 0.013986013986013986,
        "recall": {
            "1": 0,
            "2": 0.09090909090909091,
            "3": 0
        },
        "precision": {
            "1": 0,
            "2": 0.01639344262295082,
            "3": 0
        },
        "f1_score": {
            "1": 0,
            "2": 0.02777777777777778,
            "3": 0
        },
        "ROC-AUC": {
            "1": 0.9504132231404959,
            "2": 0.63125,
            "3": 0.6090263691683571
        }
    }
}