{
    "GNB": {
        "accuracy": 0.6223776223776224,
        "recall": {
            "1": 0.9545454545454546,
            "2": 0.4126984126984127,
            "3": 0.7241379310344828
        },
        "precision": {
            "1": 0.65625,
            "2": 0.65,
            "3": 0.5915492957746479
        },
        "f1_score": {
            "1": 0.7777777777777778,
            "2": 0.5048543689320388,
            "3": 0.6511627906976745
        },
        "ROC-AUC": {
            "1": 0.9564237415477085,
            "2": 0.7830357142857143,
            "3": 0.7481744421906694
        }
    },
    "kNN": {
        "accuracy": 0.8251748251748252,
        "recall": {
            "1": 1,
            "2": 0.9047619047619048,
            "3": 0.6724137931034483
        },
        "precision": {
            "1": 0.9166666666666666,
            "2": 0.7702702702702703,
            "3": 0.8666666666666667
        },
        "f1_score": {
            "1": 0.9565217391304348,
            "2": 0.832116788321168,
            "3": 0.7572815533980582
        },
        "ROC-AUC": {
            "1": 0.9994365138993238,
            "2": 0.8826388888888888,
            "3": 0.8644016227180528
        }
    },
    "CART": {
        "accuracy": 0.7832167832167832,
        "recall": {
            "1": 0.9545454545454546,
            "2": 0.8412698412698413,
            "3": 0.6551724137931034
        },
        "precision": {
            "1": 0.9545454545454546,
            "2": 0.726027397260274,
            "3": 0.7916666666666666
        },
        "f1_score": {
            "1": 0.9545454545454546,
            "2": 0.7794117647058825,
            "3": 0.7169811320754716
        },
        "ROC-AUC": {
            "1": 0.9731404958677686,
            "2": 0.7956349206349206,
            "3": 0.768762677484787
        }
    },
    "RF": {
        "accuracy": 0.8321678321678322,
        "recall": {
            "1": 0.9545454545454546,
            "2": 0.9523809523809523,
            "3": 0.6551724137931034
        },
        "precision": {
            "1": 1,
            "2": 0.7407407407407407,
            "3": 0.926829268292683
        },
        "f1_score": {
            "1": 0.9767441860465117,
            "2": 0.8333333333333334,
            "3": 0.7676767676767676
        },
        "ROC-AUC": {
            "1": 0.9996243425995492,
            "2": 0.908531746031746,
            "3": 0.9011156186612576
        }
    },
    "SVM-RBF": {
        "accuracy": 0.8111888111888111,
        "recall": {
            "1": 0.9545454545454546,
            "2": 0.9206349206349206,
            "3": 0.6379310344827587
        },
        "precision": {
            "1": 0.9130434782608695,
            "2": 0.7435897435897436,
            "3": 0.8809523809523809
        },
        "f1_score": {
            "1": 0.9333333333333332,
            "2": 0.8226950354609929,
            "3": 0.7400000000000001
        }
    },
    "SVM-Lin": {
        "accuracy": 0.7482517482517482,
        "recall": {
            "1": 1,
            "2": 0.7936507936507936,
            "3": 0.603448275862069
        },
        "precision": {
            "1": 0.88,
            "2": 0.704225352112676,
            "3": 0.7446808510638298
        },
        "f1_score": {
            "1": 0.9361702127659575,
            "2": 0.7462686567164178,
            "3": 0.6666666666666665
        }
    },
    "LR": {
        "accuracy": 0.7412587412587412,
        "recall": {
            "1": 0.9545454545454546,
            "2": 0.8412698412698413,
            "3": 0.5517241379310345
        },
        "precision": {
            "1": 0.875,
            "2": 0.6794871794871795,
            "3": 0.7804878048780488
        },
        "f1_score": {
            "1": 0.9130434782608695,
            "2": 0.7517730496453902,
            "3": 0.6464646464646465
        },
        "ROC-AUC": {
            "1": 0.9962434259954921,
            "2": 0.8156746031746032,
            "3": 0.8024340770791074
        }
    },
    "XGB": {
        "accuracy": 0.04195804195804196,
        "recall": {
            "1": 0,
            "2": 0.045454545454545456,
            "3": 0.07936507936507936
        },
        "precision": {
            "1": 0,
            "2": 0.012987012987012988,
            "3": 0.11363636363636363
        },
        "f1_score": {
            "1": 0,
            "2": 0.020202020202020204,
            "3": 0.09345794392523364
        },
        "ROC-AUC": {
            "1": 0.9996243425995492,
            "2": 0.8902777777777777,
            "3": 0.8748478701825557
        }
    },
    "SVM-Sig": {
        "accuracy": 0.4405594405594406,
        "recall": {
            "1": 0,
            "2": 1,
            "3": 0
        },
        "precision": {
            "1": 0,
            "2": 0.4405594405594406,
            "3": 0
        },
        "f1_score": {
            "1": 0,
            "2": 0.6116504854368932,
            "3": 0
        }
    },
    "ADA": {
        "accuracy": 0.013986013986013986,
        "recall": {
            "1": 0,
            "2": 0.09090909090909091,
            "3": 0
        },
        "precision": {
            "1": 0,
            "2": 0.01639344262295082,
            "3": 0
        },
        "f1_score": {
            "1": 0,
            "2": 0.02777777777777778,
            "3": 0
        },
        "ROC-AUC": {
            "1": 0.9922990232907588,
            "2": 0.8098214285714286,
            "3": 0.802028397565923
        }
    }
}