{"RF": {"accuracy": 0.8531468531468531, "recall": {"1": 0.9545454545454546, "2": 0.9365079365079365, "3": 0.7241379310344828}, "precision": {"1": 0.84, "2": 0.7972972972972973, "3": 0.9545454545454546}, "f1_score": {"1": 0.8936170212765958, "2": 0.8613138686131387, "3": 0.823529411764706}, "ROC-AUC": {"1": 0.9958677685950414, "2": 0.9310515873015873, "3": 0.9352941176470587}}, "Ensemble": {"accuracy": 0.8531468531468531, "recall": {"1": 0.9545454545454546, "2": 0.9206349206349206, "3": 0.7413793103448276}, "precision": {"1": 0.8076923076923077, "2": 0.8169014084507042, "3": 0.9347826086956522}, "f1_score": {"1": 0.875, "2": 0.8656716417910447, "3": 0.826923076923077}}, "kNN": {"accuracy": 0.8321678321678322, "recall": {"1": 0.9545454545454546, "2": 0.873015873015873, "3": 0.7413793103448276}, "precision": {"1": 0.9545454545454546, "2": 0.7857142857142857, "3": 0.8431372549019608}, "f1_score": {"1": 0.9545454545454546, "2": 0.8270676691729324, "3": 0.7889908256880734}, "ROC-AUC": {"1": 0.9731404958677686, "2": 0.8427579365079365, "3": 0.823630831643002}}, "XGB": {"accuracy": 0.8111888111888111, "recall": {"1": 0.9545454545454546, "2": 0.8888888888888888, "3": 0.6724137931034483}, "precision": {"1": 0.8076923076923077, "2": 0.7671232876712328, "3": 0.8863636363636364}, "f1_score": {"1": 0.875, "2": 0.8235294117647058, "3": 0.7647058823529411}, "ROC-AUC": {"1": 0.9962434259954921, "2": 0.9228174603174604, "3": 0.9245436105476674}}, "SVM-RBF": {"accuracy": 0.8041958041958042, "recall": {"1": 0.8636363636363636, "2": 0.9047619047619048, "3": 0.6724137931034483}, "precision": {"1": 0.8636363636363636, "2": 0.7702702702702703, "3": 0.8297872340425532}, "f1_score": {"1": 0.8636363636363636, "2": 0.832116788321168, "3": 0.7428571428571429}}, "CART": {"accuracy": 0.7902097902097902, "recall": {"1": 0.8636363636363636, "2": 0.873015873015873, "3": 0.6724137931034483}, "precision": {"1": 0.9047619047619048, "2": 0.7432432432432432, "3": 0.8125}, "f1_score": {"1": 0.8837209302325582, "2": 0.8029197080291971, "3": 0.7358490566037735}, "ROC-AUC": {"1": 0.9194214876033059, "2": 0.8572420634920637, "3": 0.8240365111561864}}, "SVM-Lin": {"accuracy": 0.6783216783216783, "recall": {"1": 0.9545454545454546, "2": 0.6825396825396826, "3": 0.5689655172413793}, "precision": {"1": 0.75, "2": 0.671875, "3": 0.6470588235294118}, "f1_score": {"1": 0.84, "2": 0.6771653543307087, "3": 0.6055045871559633}}, "ADA": {"accuracy": 0.6363636363636364, "recall": {"1": 0.9090909090909091, "2": 0.5555555555555556, "3": 0.6206896551724138}, "precision": {"1": 0.9090909090909091, "2": 0.625, "3": 0.5538461538461539}, "f1_score": {"1": 0.9090909090909091, "2": 0.5882352941176471, "3": 0.5853658536585366}, "ROC-AUC": {"1": 0.9973703981968445, "2": 0.6261904761904762, "3": 0.7338742393509128}}, "GNB": {"accuracy": 0.6013986013986014, "recall": {"1": 1.0, "2": 0.3333333333333333, "3": 0.7413793103448276}, "precision": {"1": 0.5365853658536586, "2": 0.7, "3": 0.5972222222222222}, "f1_score": {"1": 0.6984126984126985, "2": 0.45161290322580644, "3": 0.6615384615384615}, "ROC-AUC": {"1": 0.921487603305785, "2": 0.7555555555555555, "3": 0.7986815415821501}}, "SVM-Sig": {"accuracy": 0.43356643356643354, "recall": {"1": 0.8636363636363636, "2": 0.031746031746031744, "3": 0.7068965517241379}, "precision": {"1": 0.7916666666666666, "2": 0.13333333333333333, "3": 0.3942307692307692}, "f1_score": {"1": 0.8260869565217391, "2": 0.05128205128205127, "3": 0.5061728395061729}}}