{
    "GNB": {
        "accuracy": 0.6503496503496503,
        "recall": {
            "1": 1,
            "2": 0.4444444444444444,
            "3": 0.7413793103448276
        },
        "precision": {
            "1": 0.55,
            "2": 0.7368421052631579,
            "3": 0.6615384615384615
        },
        "f1_score": {
            "1": 0.7096774193548387,
            "2": 0.5544554455445545,
            "3": 0.6991869918699186
        },
        "ROC-AUC": {
            "1": 0.9256198347107438,
            "2": 0.7487103174603174,
            "3": 0.804868154158215
        }
    },
    "CART": {
        "accuracy": 0.8111888111888111,
        "recall": {
            "1": 0.9545454545454546,
            "2": 0.8412698412698413,
            "3": 0.7241379310344828
        },
        "precision": {
            "1": 0.875,
            "2": 0.7794117647058824,
            "3": 0.8235294117647058
        },
        "f1_score": {
            "1": 0.9130434782608695,
            "2": 0.8091603053435115,
            "3": 0.7706422018348623
        },
        "ROC-AUC": {
            "1": 0.9648760330578512,
            "2": 0.8268849206349207,
            "3": 0.8091277890466531
        }
    },
    "kNN": {
        "accuracy": 0.7972027972027972,
        "recall": {
            "1": 0.9545454545454546,
            "2": 0.8095238095238095,
            "3": 0.7241379310344828
        },
        "precision": {
            "1": 0.75,
            "2": 0.796875,
            "3": 0.8235294117647058
        },
        "f1_score": {
            "1": 0.84,
            "2": 0.8031496062992126,
            "3": 0.7706422018348623
        },
        "ROC-AUC": {
            "1": 0.9483471074380165,
            "2": 0.8235119047619047,
            "3": 0.8091277890466531
        }
    },
    "Ensemble": {
        "accuracy": 0.8531468531468531,
        "recall": {
            "1": 1,
            "2": 0.9523809523809523,
            "3": 0.6896551724137931
        },
        "precision": {
            "1": 0.8461538461538461,
            "2": 0.7894736842105263,
            "3": 0.975609756097561
        },
        "f1_score": {
            "1": 0.9166666666666666,
            "2": 0.8633093525179856,
            "3": 0.8080808080808081
        }
    },
    "RF": {
        "accuracy": 0.8321678321678322,
        "recall": {
            "1": 0.9545454545454546,
            "2": 0.9365079365079365,
            "3": 0.6724137931034483
        },
        "precision": {
            "1": 0.84,
            "2": 0.7763157894736842,
            "3": 0.9285714285714286
        },
        "f1_score": {
            "1": 0.8936170212765958,
            "2": 0.8489208633093525,
            "3": 0.78
        },
        "ROC-AUC": {
            "1": 0.9983095416979714,
            "2": 0.9259920634920635,
            "3": 0.9129817444219066
        }
    },
    "SVM-RBF": {
        "accuracy": 0.8041958041958042,
        "recall": {
            "1": 0.9545454545454546,
            "2": 0.873015873015873,
            "3": 0.6724137931034483
        },
        "precision": {
            "1": 0.8076923076923077,
            "2": 0.7857142857142857,
            "3": 0.8297872340425532
        },
        "f1_score": {
            "1": 0.875,
            "2": 0.8270676691729324,
            "3": 0.7428571428571429
        }
    },
    "SVM-Lin": {
        "accuracy": 0.7062937062937062,
        "recall": {
            "1": 0.9545454545454546,
            "2": 0.6825396825396826,
            "3": 0.6379310344827587
        },
        "precision": {
            "1": 0.8076923076923077,
            "2": 0.6935483870967742,
            "3": 0.6727272727272727
        },
        "f1_score": {
            "1": 0.875,
            "2": 0.6880000000000001,
            "3": 0.6548672566371682
        }
    },
    "XGB": {
        "accuracy": 0.8111888111888111,
        "recall": {
            "1": 0.9545454545454546,
            "2": 0.9365079365079365,
            "3": 0.6206896551724138
        },
        "precision": {
            "1": 0.84,
            "2": 0.7375,
            "3": 0.9473684210526315
        },
        "f1_score": {
            "1": 0.8936170212765958,
            "2": 0.8251748251748251,
            "3": 0.75
        },
        "ROC-AUC": {
            "1": 0.9954921111945906,
            "2": 0.9265873015873015,
            "3": 0.9196754563894524
        }
    },
    "ADA": {
        "accuracy": 0.5524475524475524,
        "recall": {
            "1": 0.5909090909090909,
            "2": 0.7619047619047619,
            "3": 0.3103448275862069
        },
        "precision": {
            "1": 0.8666666666666667,
            "2": 0.5393258426966292,
            "3": 0.46153846153846156
        },
        "f1_score": {
            "1": 0.7027027027027029,
            "2": 0.631578947368421,
            "3": 0.37113402061855666
        },
        "ROC-AUC": {
            "1": 0.9924868519909842,
            "2": 0.6301587301587301,
            "3": 0.6267748478701826
        }
    },
    "SVM-Sig": {
        "accuracy": 0.5664335664335665,
        "recall": {
            "1": 0.8636363636363636,
            "2": 0.9841269841269841,
            "3": 0
        },
        "precision": {
            "1": 0.8636363636363636,
            "2": 0.512396694214876,
            "3": 0
        },
        "f1_score": {
            "1": 0.8636363636363636,
            "2": 0.6739130434782608,
            "3": 0
        }
    }
}