{"XGB": {"accuracy": 0.8544303797468354, "recall": {"1": 0.975, "2": 0.8305084745762712, "3": 0.7966101694915254}, "precision": {"1": 0.8666666666666667, "2": 0.8448275862068966, "3": 0.8545454545454545}, "f1_score": {"1": 0.9176470588235294, "2": 0.8376068376068375, "3": 0.8245614035087718}, "ROC-AUC": {"1": 0.9932203389830508, "2": 0.9589111453518233, "3": 0.9289505221708613}}, "RF": {"accuracy": 0.8607594936708861, "recall": {"1": 0.975, "2": 0.864406779661017, "3": 0.7796610169491526}, "precision": {"1": 0.8666666666666667, "2": 0.8360655737704918, "3": 0.8846153846153846}, "f1_score": {"1": 0.9176470588235294, "2": 0.85, "3": 0.8288288288288288}, "ROC-AUC": {"1": 0.9963983050847458, "2": 0.9678137305255949, "3": 0.9571991097414827}}, "kNN": {"accuracy": 0.8227848101265823, "recall": {"1": 0.925, "2": 0.7966101694915254, "3": 0.7796610169491526}, "precision": {"1": 0.925, "2": 0.7833333333333333, "3": 0.7931034482758621}, "f1_score": {"1": 0.925, "2": 0.7899159663865546, "3": 0.7863247863247863}, "ROC-AUC": {"1": 0.9497881355932204, "2": 0.8326485190891971, "3": 0.8292244478685158}}, "CART": {"accuracy": 0.810126582278481, "recall": {"1": 0.975, "2": 0.7796610169491526, "3": 0.7288135593220338}, "precision": {"1": 0.9512195121951219, "2": 0.7666666666666667, "3": 0.7543859649122807}, "f1_score": {"1": 0.9629629629629629, "2": 0.773109243697479, "3": 0.7413793103448276}, "ROC-AUC": {"1": 0.9790254237288136, "2": 0.8191234377675056, "3": 0.7936997089539461}}, "Ensemble": {"accuracy": 0.8291139240506329, "recall": {"1": 0.975, "2": 0.8305084745762712, "3": 0.7288135593220338}, "precision": {"1": 0.8478260869565217, "2": 0.7903225806451613, "3": 0.86}, "f1_score": {"1": 0.9069767441860466, "2": 0.8099173553719008, "3": 0.7889908256880733}}, "SVM-RBF": {"accuracy": 0.8670886075949367, "recall": {"1": 1.0, "2": 0.9322033898305084, "3": 0.711864406779661}, "precision": {"1": 0.8888888888888888, "2": 0.8088235294117647, "3": 0.9333333333333333}, "f1_score": {"1": 0.9411764705882353, "2": 0.8661417322834646, "3": 0.8076923076923076}}, "LR": {"accuracy": 0.7784810126582279, "recall": {"1": 1.0, "2": 0.711864406779661, "3": 0.6949152542372882}, "precision": {"1": 0.8695652173913043, "2": 0.75, "3": 0.7321428571428571}, "f1_score": {"1": 0.9302325581395349, "2": 0.7304347826086958, "3": 0.7130434782608696}, "ROC-AUC": {"1": 0.9925847457627118, "2": 0.8656052045882555, "3": 0.8380414312617703}}, "GNB": {"accuracy": 0.6645569620253164, "recall": {"1": 0.975, "2": 0.423728813559322, "3": 0.6949152542372882}, "precision": {"1": 0.6964285714285714, "2": 0.6578947368421053, "3": 0.640625}, "f1_score": {"1": 0.8125, "2": 0.5154639175257731, "3": 0.6666666666666667}, "ROC-AUC": {"1": 0.9296610169491526, "2": 0.782999486389317, "3": 0.797722992638247}}, "SVM-Lin": {"accuracy": 0.7721518987341772, "recall": {"1": 1.0, "2": 0.7288135593220338, "3": 0.6610169491525424}, "precision": {"1": 0.851063829787234, "2": 0.7413793103448276, "3": 0.7358490566037735}, "f1_score": {"1": 0.9195402298850576, "2": 0.735042735042735, "3": 0.6964285714285713}}, "ADA": {"accuracy": 0.8037974683544303, "recall": {"1": 0.95, "2": 0.8983050847457628, "3": 0.6101694915254238}, "precision": {"1": 0.8636363636363636, "2": 0.7162162162162162, "3": 0.9}, "f1_score": {"1": 0.9047619047619048, "2": 0.7969924812030076, "3": 0.7272727272727273}, "ROC-AUC": {"1": 0.9876059322033899, "2": 0.837527820578668, "3": 0.8576442390001713}}, "SVM-Sig": {"accuracy": 0.689873417721519, "recall": {"1": 0.825, "2": 0.711864406779661, "3": 0.576271186440678}, "precision": {"1": 0.8048780487804879, "2": 0.6176470588235294, "3": 0.6938775510204082}, "f1_score": {"1": 0.8148148148148149, "2": 0.6614173228346457, "3": 0.6296296296296295}}}