{
    "RF": {
        "accuracy": 0.8607594936708861,
        "recall": {
            "1": 0.975,
            "2": 0.864406779661017,
            "3": 0.7796610169491526
        },
        "precision": {
            "1": 0.8666666666666667,
            "2": 0.8360655737704918,
            "3": 0.8846153846153846
        },
        "f1_score": {
            "1": 0.9176470588235294,
            "2": 0.85,
            "3": 0.8288288288288288
        },
        "ROC-AUC": {
            "1": 0.9963983050847458,
            "2": 0.9678137305255949,
            "3": 0.9571991097414827
        }
    },
    "XGB": {
        "accuracy": 0.8544303797468354,
        "recall": {
            "1": 0.975,
            "2": 0.8305084745762712,
            "3": 0.7966101694915254
        },
        "precision": {
            "1": 0.8666666666666667,
            "2": 0.8448275862068966,
            "3": 0.8545454545454545
        },
        "f1_score": {
            "1": 0.9176470588235294,
            "2": 0.8376068376068375,
            "3": 0.8245614035087718
        },
        "ROC-AUC": {
            "1": 0.9932203389830508,
            "2": 0.9589111453518233,
            "3": 0.9289505221708613
        }
    },
    "Ensemble": {
        "accuracy": 0.8481012658227848,
        "recall": {
            "1": 1,
            "2": 0.8135593220338984,
            "3": 0.7796610169491526
        },
        "precision": {
            "1": 0.851063829787234,
            "2": 0.8421052631578947,
            "3": 0.8518518518518519
        },
        "f1_score": {
            "1": 0.9195402298850576,
            "2": 0.8275862068965518,
            "3": 0.8141592920353983
        }
    },
    "CART": {
        "accuracy": 0.810126582278481,
        "recall": {
            "1": 0.975,
            "2": 0.7796610169491526,
            "3": 0.7288135593220338
        },
        "precision": {
            "1": 0.9512195121951219,
            "2": 0.7666666666666667,
            "3": 0.7543859649122807
        },
        "f1_score": {
            "1": 0.9629629629629629,
            "2": 0.773109243697479,
            "3": 0.7413793103448276
        },
        "ROC-AUC": {
            "1": 0.9790254237288136,
            "2": 0.8191234377675056,
            "3": 0.7936997089539461
        }
    },
    "kNN": {
        "accuracy": 0.8037974683544303,
        "recall": {
            "1": 1,
            "2": 0.7288135593220338,
            "3": 0.7457627118644068
        },
        "precision": {
            "1": 0.8163265306122449,
            "2": 0.8113207547169812,
            "3": 0.7857142857142857
        },
        "f1_score": {
            "1": 0.898876404494382,
            "2": 0.7678571428571428,
            "3": 0.7652173913043477
        },
        "ROC-AUC": {
            "1": 0.975,
            "2": 0.8777606574216743,
            "3": 0.8710837185413457
        }
    },
    "ADA": {
        "accuracy": 0.8037974683544303,
        "recall": {
            "1": 0.95,
            "2": 0.8983050847457628,
            "3": 0.6101694915254238
        },
        "precision": {
            "1": 0.8636363636363636,
            "2": 0.7162162162162162,
            "3": 0.9
        },
        "f1_score": {
            "1": 0.9047619047619048,
            "2": 0.7969924812030076,
            "3": 0.7272727272727273
        },
        "ROC-AUC": {
            "1": 0.9876059322033899,
            "2": 0.837699024139702,
            "3": 0.8574730354391372
        }
    },
    "SVM-RBF": {
        "accuracy": 0.7974683544303798,
        "recall": {
            "1": 0.925,
            "2": 0.8135593220338984,
            "3": 0.6949152542372882
        },
        "precision": {
            "1": 0.7872340425531915,
            "2": 0.7619047619047619,
            "3": 0.8541666666666666
        },
        "f1_score": {
            "1": 0.8505747126436781,
            "2": 0.7868852459016393,
            "3": 0.7663551401869159
        }
    },
    "SVM-Lin": {
        "accuracy": 0.7468354430379747,
        "recall": {
            "1": 0.975,
            "2": 0.711864406779661,
            "3": 0.6271186440677966
        },
        "precision": {
            "1": 0.8666666666666667,
            "2": 0.6885245901639344,
            "3": 0.7115384615384616
        },
        "f1_score": {
            "1": 0.9176470588235294,
            "2": 0.7,
            "3": 0.6666666666666666
        }
    },
    "LR": {
        "accuracy": 0.740506329113924,
        "recall": {
            "1": 1,
            "2": 0.6949152542372882,
            "3": 0.6101694915254238
        },
        "precision": {
            "1": 0.8695652173913043,
            "2": 0.6833333333333333,
            "3": 0.6923076923076923
        },
        "f1_score": {
            "1": 0.9302325581395349,
            "2": 0.6890756302521008,
            "3": 0.6486486486486487
        },
        "ROC-AUC": {
            "1": 0.9908898305084746,
            "2": 0.854648176682075,
            "3": 0.8344461564800548
        }
    },
    "GNB": {
        "accuracy": 0.6645569620253164,
        "recall": {
            "1": 0.975,
            "2": 0.423728813559322,
            "3": 0.6949152542372882
        },
        "precision": {
            "1": 0.6964285714285714,
            "2": 0.6578947368421053,
            "3": 0.640625
        },
        "f1_score": {
            "1": 0.8125,
            "2": 0.5154639175257731,
            "3": 0.6666666666666667
        },
        "ROC-AUC": {
            "1": 0.9296610169491526,
            "2": 0.7837699024139704,
            "3": 0.797722992638247
        }
    },
    "SVM-Sig": {
        "accuracy": 0.6139240506329114,
        "recall": {
            "1": 1,
            "2": 0.2542372881355932,
            "3": 0.711864406779661
        },
        "precision": {
            "1": 0.6557377049180327,
            "2": 0.625,
            "3": 0.5753424657534246
        },
        "f1_score": {
            "1": 0.7920792079207921,
            "2": 0.3614457831325301,
            "3": 0.6363636363636364
        }
    }
}