{
    "RF": {
        "accuracy": 0.8734177215189873,
        "recall": {
            "1": 0.975,
            "2": 0.864406779661017,
            "3": 0.8135593220338984
        },
        "precision": {
            "1": 0.9069767441860465,
            "2": 0.85,
            "3": 0.8727272727272727
        },
        "f1_score": {
            "1": 0.9397590361445783,
            "2": 0.8571428571428572,
            "3": 0.8421052631578948
        },
        "ROC-AUC": {
            "1": 0.9963983050847458,
            "2": 0.9425612052730696,
            "3": 0.9444444444444444
        }
    },
    "SVM-RBF": {
        "accuracy": 0.8734177215189873,
        "recall": {
            "1": 1,
            "2": 0.847457627118644,
            "3": 0.8135593220338984
        },
        "precision": {
            "1": 0.975609756097561,
            "2": 0.819672131147541,
            "3": 0.8571428571428571
        },
        "f1_score": {
            "1": 0.9876543209876543,
            "2": 0.8333333333333333,
            "3": 0.8347826086956522
        }
    },
    "XGB": {
        "accuracy": 0.8670886075949367,
        "recall": {
            "1": 1,
            "2": 0.8305084745762712,
            "3": 0.8135593220338984
        },
        "precision": {
            "1": 0.8695652173913043,
            "2": 0.875,
            "3": 0.8571428571428571
        },
        "f1_score": {
            "1": 0.9302325581395349,
            "2": 0.8521739130434782,
            "3": 0.8347826086956522
        },
        "ROC-AUC": {
            "1": 0.9961864406779661,
            "2": 0.9597671631569937,
            "3": 0.9484677281287451
        }
    },
    "kNN": {
        "accuracy": 0.8544303797468354,
        "recall": {
            "1": 1,
            "2": 0.864406779661017,
            "3": 0.7457627118644068
        },
        "precision": {
            "1": 0.8695652173913043,
            "2": 0.8095238095238095,
            "3": 0.8979591836734694
        },
        "f1_score": {
            "1": 0.9302325581395349,
            "2": 0.8360655737704918,
            "3": 0.8148148148148148
        },
        "ROC-AUC": {
            "1": 0.996822033898305,
            "2": 0.9387091251498032,
            "3": 0.9292929292929293
        }
    },
    "Ensemble": {
        "accuracy": 0.8544303797468354,
        "recall": {
            "1": 1,
            "2": 0.8305084745762712,
            "3": 0.7796610169491526
        },
        "precision": {
            "1": 0.8695652173913043,
            "2": 0.8448275862068966,
            "3": 0.8518518518518519
        },
        "f1_score": {
            "1": 0.9302325581395349,
            "2": 0.8376068376068375,
            "3": 0.8141592920353983
        }
    },
    "CART": {
        "accuracy": 0.8481012658227848,
        "recall": {
            "1": 0.95,
            "2": 0.8813559322033898,
            "3": 0.7457627118644068
        },
        "precision": {
            "1": 0.95,
            "2": 0.7761194029850746,
            "3": 0.8627450980392157
        },
        "f1_score": {
            "1": 0.9500000000000001,
            "2": 0.8253968253968255,
            "3": 0.8
        },
        "ROC-AUC": {
            "1": 0.989300847457627,
            "2": 0.9096045197740112,
            "3": 0.8976202705016264
        }
    },
    "ADA": {
        "accuracy": 0.8037974683544303,
        "recall": {
            "1": 0.95,
            "2": 0.8983050847457628,
            "3": 0.6101694915254238
        },
        "precision": {
            "1": 0.8636363636363636,
            "2": 0.7162162162162162,
            "3": 0.9
        },
        "f1_score": {
            "1": 0.9047619047619048,
            "2": 0.7969924812030076,
            "3": 0.7272727272727273
        },
        "ROC-AUC": {
            "1": 0.9876059322033899,
            "2": 0.837699024139702,
            "3": 0.8574730354391372
        }
    },
    "LR": {
        "accuracy": 0.759493670886076,
        "recall": {
            "1": 1,
            "2": 0.6440677966101694,
            "3": 0.711864406779661
        },
        "precision": {
            "1": 0.8695652173913043,
            "2": 0.7450980392156863,
            "3": 0.6885245901639344
        },
        "f1_score": {
            "1": 0.9302325581395349,
            "2": 0.6909090909090908,
            "3": 0.7
        },
        "ROC-AUC": {
            "1": 0.9951271186440678,
            "2": 0.8671460366375621,
            "3": 0.837870227700736
        }
    },
    "SVM-Lin": {
        "accuracy": 0.7531645569620253,
        "recall": {
            "1": 1,
            "2": 0.6101694915254238,
            "3": 0.7288135593220338
        },
        "precision": {
            "1": 0.8888888888888888,
            "2": 0.75,
            "3": 0.6615384615384615
        },
        "f1_score": {
            "1": 0.9411764705882353,
            "2": 0.6728971962616822,
            "3": 0.6935483870967741
        }
    },
    "GNB": {
        "accuracy": 0.6645569620253164,
        "recall": {
            "1": 0.975,
            "2": 0.3898305084745763,
            "3": 0.7288135593220338
        },
        "precision": {
            "1": 0.7358490566037735,
            "2": 0.6571428571428571,
            "3": 0.6142857142857143
        },
        "f1_score": {
            "1": 0.8387096774193549,
            "2": 0.4893617021276596,
            "3": 0.6666666666666667
        },
        "ROC-AUC": {
            "1": 0.936864406779661,
            "2": 0.7883923985618901,
            "3": 0.7812874507789762
        }
    },
    "SVM-Sig": {
        "accuracy": 0.620253164556962,
        "recall": {
            "1": 1,
            "2": 0.2542372881355932,
            "3": 0.7288135593220338
        },
        "precision": {
            "1": 0.5970149253731343,
            "2": 0.75,
            "3": 0.6056338028169014
        },
        "f1_score": {
            "1": 0.7476635514018691,
            "2": 0.37974683544303794,
            "3": 0.6615384615384615
        }
    }
}