{"SVM-RBF": {"accuracy": 0.879746835443038, "recall": {"1": 1.0, "2": 0.864406779661017, "3": 0.8135593220338984}, "precision": {"1": 0.9302325581395349, "2": 0.8360655737704918, "3": 0.8888888888888888}, "f1_score": {"1": 0.963855421686747, "2": 0.85, "3": 0.8495575221238938}}, "RF": {"accuracy": 0.8734177215189873, "recall": {"1": 0.975, "2": 0.864406779661017, "3": 0.8135593220338984}, "precision": {"1": 0.9069767441860465, "2": 0.85, "3": 0.8727272727272727}, "f1_score": {"1": 0.9397590361445783, "2": 0.8571428571428572, "3": 0.8421052631578948}, "ROC-AUC": {"1": 0.9963983050847458, "2": 0.9425612052730696, "3": 0.9444444444444444}}, "XGB": {"accuracy": 0.8670886075949367, "recall": {"1": 1.0, "2": 0.8305084745762712, "3": 0.8135593220338984}, "precision": {"1": 0.8695652173913043, "2": 0.875, "3": 0.8571428571428571}, "f1_score": {"1": 0.9302325581395349, "2": 0.8521739130434782, "3": 0.8347826086956522}, "ROC-AUC": {"1": 0.9961864406779661, "2": 0.9597671631569937, "3": 0.9484677281287451}}, "Ensemble": {"accuracy": 0.8607594936708861, "recall": {"1": 1.0, "2": 0.8305084745762712, "3": 0.7966101694915254}, "precision": {"1": 0.8695652173913043, "2": 0.8596491228070176, "3": 0.8545454545454545}, "f1_score": {"1": 0.9302325581395349, "2": 0.8448275862068966, "3": 0.8245614035087718}}, "CART": {"accuracy": 0.8481012658227848, "recall": {"1": 0.95, "2": 0.8813559322033898, "3": 0.7457627118644068}, "precision": {"1": 0.95, "2": 0.7761194029850746, "3": 0.8627450980392157}, "f1_score": {"1": 0.9500000000000001, "2": 0.8253968253968255, "3": 0.8}, "ROC-AUC": {"1": 0.989300847457627, "2": 0.9096045197740112, "3": 0.8976202705016264}}, "kNN": {"accuracy": 0.8227848101265823, "recall": {"1": 0.95, "2": 0.7457627118644068, "3": 0.8135593220338984}, "precision": {"1": 0.926829268292683, "2": 0.8, "3": 0.7741935483870968}, "f1_score": {"1": 0.9382716049382716, "2": 0.7719298245614035, "3": 0.7933884297520662}, "ROC-AUC": {"1": 0.9622881355932204, "2": 0.8173258003766478, "3": 0.8360725903098785}}, "ADA": {"accuracy": 0.8037974683544303, "recall": {"1": 0.95, "2": 0.8983050847457628, "3": 0.6101694915254238}, "precision": {"1": 0.8636363636363636, "2": 0.7162162162162162, "3": 0.9}, "f1_score": {"1": 0.9047619047619048, "2": 0.7969924812030076, "3": 0.7272727272727273}, "ROC-AUC": {"1": 0.9876059322033899, "2": 0.837699024139702, "3": 0.8574730354391372}}, "LR": {"accuracy": 0.7721518987341772, "recall": {"1": 1.0, "2": 0.6610169491525424, "3": 0.7288135593220338}, "precision": {"1": 0.8888888888888888, "2": 0.7647058823529411, "3": 0.6935483870967742}, "f1_score": {"1": 0.9411764705882353, "2": 0.7090909090909091, "3": 0.7107438016528926}, "ROC-AUC": {"1": 0.9934322033898305, "2": 0.8657764081492895, "3": 0.8341037493579867}}, "SVM-Lin": {"accuracy": 0.759493670886076, "recall": {"1": 1.0, "2": 0.5932203389830508, "3": 0.7627118644067796}, "precision": {"1": 0.8888888888888888, "2": 0.7777777777777778, "3": 0.6617647058823529}, "f1_score": {"1": 0.9411764705882353, "2": 0.673076923076923, "3": 0.7086614173228345}}, "GNB": {"accuracy": 0.6645569620253164, "recall": {"1": 0.975, "2": 0.3898305084745763, "3": 0.7288135593220338}, "precision": {"1": 0.7358490566037735, "2": 0.6571428571428571, "3": 0.6142857142857143}, "f1_score": {"1": 0.8387096774193549, "2": 0.4893617021276596, "3": 0.6666666666666667}, "ROC-AUC": {"1": 0.936864406779661, "2": 0.7883923985618901, "3": 0.7812874507789762}}, "SVM-Sig": {"accuracy": 0.37341772151898733, "recall": {"1": 0.0, "2": 0.9661016949152542, "3": 0.03389830508474576}, "precision": {"1": 0.0, "2": 0.49137931034482757, "3": 0.047619047619047616}, "f1_score": {"1": 0.0, "2": 0.6514285714285715, "3": 0.039603960396039604}}}