{"RF": {"accuracy": 0.7911392405063291, "recall": {"1": 0.975, "2": 0.7288135593220338, "3": 0.7288135593220338}, "precision": {"1": 0.8666666666666667, "2": 0.7678571428571429, "3": 0.7543859649122807}, "f1_score": {"1": 0.9176470588235294, "2": 0.7478260869565218, "3": 0.7413793103448276}, "ROC-AUC": {"1": 0.993220338983051, "2": 0.918678308508817, "3": 0.898733093648348}}, "LR": {"accuracy": 0.7341772151898734, "recall": {"1": 0.975, "2": 0.576271186440678, "3": 0.7288135593220338}, "precision": {"1": 0.8666666666666667, "2": 0.7391304347826086, "3": 0.6417910447761194}, "f1_score": {"1": 0.9176470588235294, "2": 0.6476190476190476, "3": 0.6825396825396826}, "ROC-AUC": {"1": 0.9921610169491526, "2": 0.8555041944872452, "3": 0.8192090395480226}}, "GNB": {"accuracy": 0.6455696202531646, "recall": {"1": 0.95, "2": 0.3559322033898305, "3": 0.7288135593220338}, "precision": {"1": 0.7037037037037037, "2": 0.6176470588235294, "3": 0.6142857142857143}, "f1_score": {"1": 0.8085106382978724, "2": 0.4516129032258065, "3": 0.6666666666666667}, "ROC-AUC": {"1": 0.9396186440677965, "2": 0.7366033213490841, "3": 0.7959253552473892}}, "Ensemble": {"accuracy": 0.810126582278481, "recall": {"1": 0.975, "2": 0.7796610169491526, "3": 0.7288135593220338}, "precision": {"1": 0.8478260869565217, "2": 0.7796610169491526, "3": 0.8113207547169812}, "f1_score": {"1": 0.9069767441860466, "2": 0.7796610169491526, "3": 0.7678571428571428}}, "SVM-RBF": {"accuracy": 0.8227848101265823, "recall": {"1": 1.0, "2": 0.8135593220338984, "3": 0.711864406779661}, "precision": {"1": 0.8695652173913043, "2": 0.7868852459016393, "3": 0.8235294117647058}, "f1_score": {"1": 0.9302325581395349, "2": 0.8, "3": 0.7636363636363636}}, "SVM-Lin": {"accuracy": 0.7468354430379747, "recall": {"1": 1.0, "2": 0.6101694915254238, "3": 0.711864406779661}, "precision": {"1": 0.8163265306122449, "2": 0.75, "3": 0.6885245901639344}, "f1_score": {"1": 0.898876404494382, "2": 0.6728971962616822, "3": 0.7}}, "XGB": {"accuracy": 0.7784810126582279, "recall": {"1": 0.95, "2": 0.7457627118644068, "3": 0.6949152542372882}, "precision": {"1": 0.8636363636363636, "2": 0.7457627118644068, "3": 0.7454545454545455}, "f1_score": {"1": 0.9047619047619048, "2": 0.7457627118644068, "3": 0.7192982456140351}, "ROC-AUC": {"1": 0.9925847457627118, "2": 0.9106317411402157, "3": 0.8851224105461395}}, "CART": {"accuracy": 0.7784810126582279, "recall": {"1": 0.975, "2": 0.7627118644067796, "3": 0.6610169491525424}, "precision": {"1": 0.9069767441860465, "2": 0.7258064516129032, "3": 0.7358490566037735}, "f1_score": {"1": 0.9397590361445783, "2": 0.743801652892562, "3": 0.6964285714285713}, "ROC-AUC": {"1": 0.9694915254237289, "2": 0.8228899161102552, "3": 0.7871939736346517}}, "kNN": {"accuracy": 0.7974683544303798, "recall": {"1": 0.975, "2": 0.8135593220338984, "3": 0.6610169491525424}, "precision": {"1": 0.8666666666666667, "2": 0.7272727272727273, "3": 0.8297872340425532}, "f1_score": {"1": 0.9176470588235294, "2": 0.768, "3": 0.7358490566037736}, "ROC-AUC": {"1": 0.9898305084745763, "2": 0.8845231980825202, "3": 0.8734805683958227}}, "SVM-Sig": {"accuracy": 0.6518987341772152, "recall": {"1": 0.775, "2": 0.5932203389830508, "3": 0.6271186440677966}, "precision": {"1": 0.8611111111111112, "2": 0.5555555555555556, "3": 0.6271186440677966}, "f1_score": {"1": 0.8157894736842106, "2": 0.5737704918032787, "3": 0.6271186440677966}}, "ADA": {"accuracy": 0.7151898734177216, "recall": {"1": 0.95, "2": 0.6779661016949152, "3": 0.5932203389830508}, "precision": {"1": 0.8837209302325582, "2": 0.6451612903225806, "3": 0.660377358490566}, "f1_score": {"1": 0.9156626506024096, "2": 0.6611570247933884, "3": 0.625}, "ROC-AUC": {"1": 0.9900423728813559, "2": 0.7441362780345832, "3": 0.7821434685841466}}}