{
    "augmentedv3": {
        "all": {
            "accuracy": 0.7469802924348379,
            "neoplasia recall": 0.7335423197492162
        },
        "top6": {
            "accuracy": 0.8146853146853147,
            "recall": 0.7442528735632185
        }
    },
    "snv_svmsmote": {
        "all": {
            "accuracy": 0.7310870947234585,
            "neoplasia recall": 0.7163009404388714
        },
        "top6": {
            "accuracy": 0.8263403263403264,
            "recall": 0.7155172413793104
        }
    },
    "snv_augmentedv3": {
        "all": {
            "accuracy": 0.7253655435473618,
            "neoplasia recall": 0.7272727272727273
        },
        "top6": {
            "accuracy": 0.8135198135198135,
            "recall": 0.7385057471264368
        }
    },
    "feature_selectv2": {
        "all": {
            "accuracy": 0.7075651621106166,
            "neoplasia recall": 0.47805642633228834
        },
        "top6": {
            "accuracy": 0.7564102564102564,
            "recall": 0.5862068965517241
        }
    }
}