{
    "snv_FS_balanced": {
        "all": {
            "accuracy": 0.7866666666666666,
            "neoplasia recall": 0.4894736842105264
        },
        "top6": {
            "accuracy": 0.8277777777777776,
            "recall": 0.5789473684210525
        }
    },
    "kmeanssmote": {
        "all": {
            "accuracy": 0.7818181818181817,
            "neoplasia recall": 0.6741379310344828
        },
        "top6": {
            "accuracy": 0.8263403263403264,
            "recall": 0.6896551724137931
        }
    },
    "augmented_FS": {
        "all": {
            "accuracy": 0.7524475524475523,
            "neoplasia recall": 0.6775862068965518
        },
        "top6": {
            "accuracy": 0.8181818181818182,
            "recall": 0.706896551724138
        }
    },
    "augmentedv3": {
        "all": {
            "accuracy": 0.7469802924348379,
            "neoplasia recall": 0.7335423197492162
        },
        "top6": {
            "accuracy": 0.8146853146853147,
            "recall": 0.7442528735632185
        }
    },
    "snv_svmsmote": {
        "all": {
            "accuracy": 0.7468531468531469,
            "neoplasia recall": 0.710344827586207
        },
        "top6": {
            "accuracy": 0.8344988344988346,
            "recall": 0.7126436781609197
        }
    },
    "svmsmote": {
        "all": {
            "accuracy": 0.7412587412587412,
            "neoplasia recall": 0.7017241379310344
        },
        "top6": {
            "accuracy": 0.8193473193473193,
            "recall": 0.6839080459770116
        }
    },
    "bordersmote": {
        "all": {
            "accuracy": 0.7293706293706294,
            "neoplasia recall": 0.6862068965517241
        },
        "top6": {
            "accuracy": 0.8240093240093239,
            "recall": 0.7040229885057472
        }
    },
    "snv_augmentedv3": {
        "all": {
            "accuracy": 0.7253655435473618,
            "neoplasia recall": 0.7272727272727273
        },
        "top6": {
            "accuracy": 0.8135198135198135,
            "recall": 0.7385057471264368
        }
    },
    "feature_selectv2": {
        "all": {
            "accuracy": 0.7075651621106166,
            "neoplasia recall": 0.47805642633228834
        },
        "top6": {
            "accuracy": 0.7564102564102564,
            "recall": 0.5862068965517241
        }
    },
    "augmentedv3_FS": {
        "all": {
            "accuracy": 0.7048951048951049,
            "neoplasia recall": 0.7724137931034483
        },
        "top6": {
            "accuracy": 0.7913752913752914,
            "recall": 0.7672413793103449
        }
    }
}