{"RF": {"accuracy": 0.8531468531468531, "recall": {"1": 0.9545454545454546, "2": 0.9841269841269841, "3": 0.6724137931034483}, "precision": {"1": 0.9545454545454546, "2": 0.775, "3": 0.9512195121951219}, "f1_score": {"1": 0.9545454545454546, "2": 0.8671328671328671, "3": 0.7878787878787878}, "ROC-AUC": {"1": 0.9996243425995492, "2": 0.9374007936507937, "3": 0.9352941176470588}}, "Ensemble": {"accuracy": 0.8391608391608392, "recall": {"1": 0.9545454545454546, "2": 0.9682539682539683, "3": 0.6551724137931034}, "precision": {"1": 0.9130434782608695, "2": 0.7721518987341772, "3": 0.926829268292683}, "f1_score": {"1": 0.9333333333333332, "2": 0.8591549295774649, "3": 0.7676767676767676}}, "kNN": {"accuracy": 0.8251748251748252, "recall": {"1": 0.9545454545454546, "2": 0.8888888888888888, "3": 0.7068965517241379}, "precision": {"1": 0.9545454545454546, "2": 0.7671232876712328, "3": 0.8541666666666666}, "f1_score": {"1": 0.9545454545454546, "2": 0.8235294117647058, "3": 0.7735849056603773}, "ROC-AUC": {"1": 0.9731404958677686, "2": 0.8381944444444444, "3": 0.8122718052738336}}, "XGB": {"accuracy": 0.8181818181818182, "recall": {"1": 0.8636363636363636, "2": 0.9523809523809523, "3": 0.6551724137931034}, "precision": {"1": 0.95, "2": 0.7407407407407407, "3": 0.9047619047619048}, "f1_score": {"1": 0.9047619047619048, "2": 0.8333333333333334, "3": 0.7599999999999999}, "ROC-AUC": {"1": 0.9954921111945906, "2": 0.9248015873015872, "3": 0.9247464503042597}}, "SVM-RBF": {"accuracy": 0.8041958041958042, "recall": {"1": 0.9090909090909091, "2": 0.9047619047619048, "3": 0.6551724137931034}, "precision": {"1": 0.8695652173913043, "2": 0.7702702702702703, "3": 0.8260869565217391}, "f1_score": {"1": 0.888888888888889, "2": 0.832116788321168, "3": 0.7307692307692308}}, "CART": {"accuracy": 0.7972027972027972, "recall": {"1": 0.8636363636363636, "2": 0.9047619047619048, "3": 0.6551724137931034}, "precision": {"1": 0.8260869565217391, "2": 0.7402597402597403, "3": 0.8837209302325582}, "f1_score": {"1": 0.8444444444444444, "2": 0.8142857142857143, "3": 0.7524752475247525}, "ROC-AUC": {"1": 0.9152892561983472, "2": 0.8273809523809523, "3": 0.7981744421906694}}, "ADA": {"accuracy": 0.7552447552447552, "recall": {"1": 0.9090909090909091, "2": 0.8571428571428571, "3": 0.5862068965517241}, "precision": {"1": 0.9523809523809523, "2": 0.6835443037974683, "3": 0.7906976744186046}, "f1_score": {"1": 0.9302325581395349, "2": 0.7605633802816901, "3": 0.6732673267326732}, "ROC-AUC": {"1": 0.992862509391435, "2": 0.7714285714285715, "3": 0.788235294117647}}, "SVM-Lin": {"accuracy": 0.6993006993006993, "recall": {"1": 0.9545454545454546, "2": 0.7301587301587301, "3": 0.5689655172413793}, "precision": {"1": 0.7777777777777778, "2": 0.6764705882352942, "3": 0.6875}, "f1_score": {"1": 0.8571428571428572, "2": 0.7022900763358779, "3": 0.6226415094339622}}, "GNB": {"accuracy": 0.6573426573426573, "recall": {"1": 1.0, "2": 0.47619047619047616, "3": 0.7241379310344828}, "precision": {"1": 0.6470588235294118, "2": 0.6976744186046512, "3": 0.6363636363636364}, "f1_score": {"1": 0.7857142857142858, "2": 0.5660377358490566, "3": 0.6774193548387097}, "ROC-AUC": {"1": 0.9504132231404958, "2": 0.780952380952381, "3": 0.7595334685598378}}, "SVM-Sig": {"accuracy": 0.5034965034965035, "recall": {"1": 0.8181818181818182, "2": 0.0, "3": 0.9310344827586207}, "precision": {"1": 0.9473684210526315, "2": 0.0, "3": 0.45}, "f1_score": {"1": 0.8780487804878049, "2": 0.0, "3": 0.6067415730337079}}}