{
    "Ensemble": {
        "accuracy": 0.8601398601398601,
        "recall": {
            "1": 1,
            "2": 0.9841269841269841,
            "3": 0.6724137931034483
        },
        "precision": {
            "1": 0.9166666666666666,
            "2": 0.7848101265822784,
            "3": 0.975
        },
        "f1_score": {
            "1": 0.9565217391304348,
            "2": 0.8732394366197183,
            "3": 0.7959183673469388
        }
    },
    "RF": {
        "accuracy": 0.8391608391608392,
        "recall": {
            "1": 0.9090909090909091,
            "2": 0.9841269841269841,
            "3": 0.6551724137931034
        },
        "precision": {
            "1": 0.9523809523809523,
            "2": 0.7469879518072289,
            "3": 0.9743589743589743
        },
        "f1_score": {
            "1": 0.9302325581395349,
            "2": 0.8493150684931506,
            "3": 0.7835051546391754
        },
        "ROC-AUC": {
            "1": 0.9977460555972953,
            "2": 0.9416666666666667,
            "3": 0.937525354969574
        }
    },
    "XGB": {
        "accuracy": 0.8391608391608392,
        "recall": {
            "1": 1,
            "2": 0.9682539682539683,
            "3": 0.6379310344827587
        },
        "precision": {
            "1": 0.9565217391304348,
            "2": 0.7530864197530864,
            "3": 0.9487179487179487
        },
        "f1_score": {
            "1": 0.9777777777777777,
            "2": 0.8472222222222222,
            "3": 0.7628865979381444
        },
        "ROC-AUC": {
            "1": 0.9988730277986476,
            "2": 0.9232142857142857,
            "3": 0.9081135902636917
        }
    },
    "kNN": {
        "accuracy": 0.8181818181818182,
        "recall": {
            "1": 0.9090909090909091,
            "2": 0.8888888888888888,
            "3": 0.7068965517241379
        },
        "precision": {
            "1": 0.9523809523809523,
            "2": 0.7567567567567568,
            "3": 0.8541666666666666
        },
        "f1_score": {
            "1": 0.9302325581395349,
            "2": 0.8175182481751826,
            "3": 0.7735849056603773
        },
        "ROC-AUC": {
            "1": 0.9504132231404959,
            "2": 0.8319444444444444,
            "3": 0.8122718052738336
        }
    },
    "SVM-RBF": {
        "accuracy": 0.8181818181818182,
        "recall": {
            "1": 1,
            "2": 0.9841269841269841,
            "3": 0.5689655172413793
        },
        "precision": {
            "1": 0.9166666666666666,
            "2": 0.7294117647058823,
            "3": 0.9705882352941176
        },
        "f1_score": {
            "1": 0.9565217391304348,
            "2": 0.8378378378378377,
            "3": 0.717391304347826
        }
    },
    "CART": {
        "accuracy": 0.7762237762237763,
        "recall": {
            "1": 0.9090909090909091,
            "2": 0.8412698412698413,
            "3": 0.6551724137931034
        },
        "precision": {
            "1": 0.8695652173913043,
            "2": 0.7464788732394366,
            "3": 0.7755102040816326
        },
        "f1_score": {
            "1": 0.888888888888889,
            "2": 0.791044776119403,
            "3": 0.7102803738317757
        },
        "ROC-AUC": {
            "1": 0.9421487603305786,
            "2": 0.8081349206349207,
            "3": 0.7628803245436105
        }
    },
    "SVM-Lin": {
        "accuracy": 0.7622377622377622,
        "recall": {
            "1": 1,
            "2": 0.7936507936507936,
            "3": 0.6379310344827587
        },
        "precision": {
            "1": 0.9166666666666666,
            "2": 0.7246376811594203,
            "3": 0.74
        },
        "f1_score": {
            "1": 0.9565217391304348,
            "2": 0.7575757575757576,
            "3": 0.6851851851851852
        }
    },
    "LR": {
        "accuracy": 0.7272727272727273,
        "recall": {
            "1": 0.9545454545454546,
            "2": 0.7619047619047619,
            "3": 0.603448275862069
        },
        "precision": {
            "1": 0.875,
            "2": 0.6857142857142857,
            "3": 0.7142857142857143
        },
        "f1_score": {
            "1": 0.9130434782608695,
            "2": 0.7218045112781954,
            "3": 0.6542056074766354
        },
        "ROC-AUC": {
            "1": 0.9969947407963937,
            "2": 0.8331349206349206,
            "3": 0.8208924949290061
        }
    },
    "SVM-Sig": {
        "accuracy": 0.6853146853146853,
        "recall": {
            "1": 0.8181818181818182,
            "2": 0.8253968253968254,
            "3": 0.4827586206896552
        },
        "precision": {
            "1": 0.72,
            "2": 0.65,
            "3": 0.7368421052631579
        },
        "f1_score": {
            "1": 0.7659574468085107,
            "2": 0.7272727272727272,
            "3": 0.5833333333333334
        }
    },
    "GNB": {
        "accuracy": 0.6573426573426573,
        "recall": {
            "1": 1,
            "2": 0.47619047619047616,
            "3": 0.7241379310344828
        },
        "precision": {
            "1": 0.6470588235294118,
            "2": 0.6976744186046512,
            "3": 0.6363636363636364
        },
        "f1_score": {
            "1": 0.7857142857142858,
            "2": 0.5660377358490566,
            "3": 0.6774193548387097
        },
        "ROC-AUC": {
            "1": 0.9504132231404959,
            "2": 0.7593253968253968,
            "3": 0.7606490872210954
        }
    },
    "ADA": {
        "accuracy": 0.5804195804195804,
        "recall": {
            "1": 0.9090909090909091,
            "2": 1,
            "3": 0
        },
        "precision": {
            "1": 0.9523809523809523,
            "2": 0.5163934426229508,
            "3": 0
        },
        "f1_score": {
            "1": 0.9302325581395349,
            "2": 0.6810810810810811,
            "3": 0
        },
        "ROC-AUC": {
            "1": 0.9922990232907588,
            "2": 0.7976190476190477,
            "3": 0.7883367139959432
        }
    }
}