{
    "GNB": {
        "accuracy": 0.6573426573426573,
        "recall": {
            "1": 1,
            "2": 0.47619047619047616,
            "3": 0.7241379310344828
        },
        "precision": {
            "1": 0.6470588235294118,
            "2": 0.6976744186046512,
            "3": 0.6363636363636364
        },
        "f1_score": {
            "1": 0.7857142857142858,
            "2": 0.5660377358490566,
            "3": 0.6774193548387097
        },
        "ROC-AUC": {
            "1": 0.9504132231404959,
            "2": 0.7593253968253968,
            "3": 0.7606490872210954
        }
    },
    "SVM-Lin": {
        "accuracy": 0.7342657342657343,
        "recall": {
            "1": 0.9545454545454546,
            "2": 0.6825396825396826,
            "3": 0.7068965517241379
        },
        "precision": {
            "1": 0.875,
            "2": 0.7288135593220338,
            "3": 0.6833333333333333
        },
        "f1_score": {
            "1": 0.9130434782608695,
            "2": 0.7049180327868851,
            "3": 0.6949152542372882
        }
    },
    "CART": {
        "accuracy": 0.7762237762237763,
        "recall": {
            "1": 0.9090909090909091,
            "2": 0.8412698412698413,
            "3": 0.6551724137931034
        },
        "precision": {
            "1": 0.8695652173913043,
            "2": 0.7464788732394366,
            "3": 0.7755102040816326
        },
        "f1_score": {
            "1": 0.888888888888889,
            "2": 0.791044776119403,
            "3": 0.7102803738317757
        },
        "ROC-AUC": {
            "1": 0.9421487603305786,
            "2": 0.8081349206349207,
            "3": 0.7628803245436105
        }
    },
    "RF": {
        "accuracy": 0.8391608391608392,
        "recall": {
            "1": 0.9090909090909091,
            "2": 0.9841269841269841,
            "3": 0.6551724137931034
        },
        "precision": {
            "1": 0.9523809523809523,
            "2": 0.7469879518072289,
            "3": 0.9743589743589743
        },
        "f1_score": {
            "1": 0.9302325581395349,
            "2": 0.8493150684931506,
            "3": 0.7835051546391754
        },
        "ROC-AUC": {
            "1": 0.9977460555972953,
            "2": 0.9416666666666667,
            "3": 0.937525354969574
        }
    },
    "kNN": {
        "accuracy": 0.7622377622377622,
        "recall": {
            "1": 0.9545454545454546,
            "2": 0.7936507936507936,
            "3": 0.6551724137931034
        },
        "precision": {
            "1": 0.7777777777777778,
            "2": 0.7352941176470589,
            "3": 0.7916666666666666
        },
        "f1_score": {
            "1": 0.8571428571428572,
            "2": 0.7633587786259542,
            "3": 0.7169811320754716
        },
        "ROC-AUC": {
            "1": 0.9667543200601052,
            "2": 0.8571428571428572,
            "3": 0.8440162271805274
        }
    },
    "LR": {
        "accuracy": 0.7062937062937062,
        "recall": {
            "1": 0.9090909090909091,
            "2": 0.6984126984126984,
            "3": 0.6379310344827587
        },
        "precision": {
            "1": 0.8695652173913043,
            "2": 0.676923076923077,
            "3": 0.6727272727272727
        },
        "f1_score": {
            "1": 0.888888888888889,
            "2": 0.6875,
            "3": 0.6548672566371682
        },
        "ROC-AUC": {
            "1": 0.9962434259954921,
            "2": 0.824404761904762,
            "3": 0.8188640973630832
        }
    },
    "XGB": {
        "accuracy": 0.8391608391608392,
        "recall": {
            "1": 1,
            "2": 0.9682539682539683,
            "3": 0.6379310344827587
        },
        "precision": {
            "1": 0.9565217391304348,
            "2": 0.7530864197530864,
            "3": 0.9487179487179487
        },
        "f1_score": {
            "1": 0.9777777777777777,
            "2": 0.8472222222222222,
            "3": 0.7628865979381444
        },
        "ROC-AUC": {
            "1": 0.9988730277986476,
            "2": 0.9232142857142857,
            "3": 0.9081135902636917
        }
    },
    "SVM-RBF": {
        "accuracy": 0.7832167832167832,
        "recall": {
            "1": 0.9090909090909091,
            "2": 0.9206349206349206,
            "3": 0.5862068965517241
        },
        "precision": {
            "1": 0.8695652173913043,
            "2": 0.7160493827160493,
            "3": 0.8717948717948718
        },
        "f1_score": {
            "1": 0.888888888888889,
            "2": 0.8055555555555556,
            "3": 0.7010309278350514
        }
    },
    "SVM-Sig": {
        "accuracy": 0.5104895104895105,
        "recall": {
            "1": 1,
            "2": 0.7936507936507936,
            "3": 0.017241379310344827
        },
        "precision": {
            "1": 0.5641025641025641,
            "2": 0.49019607843137253,
            "3": 0.5
        },
        "f1_score": {
            "1": 0.7213114754098361,
            "2": 0.6060606060606061,
            "3": 0.03333333333333333
        }
    },
    "ADA": {
        "accuracy": 0.5804195804195804,
        "recall": {
            "1": 0.9090909090909091,
            "2": 1,
            "3": 0
        },
        "precision": {
            "1": 0.9523809523809523,
            "2": 0.5163934426229508,
            "3": 0
        },
        "f1_score": {
            "1": 0.9302325581395349,
            "2": 0.6810810810810811,
            "3": 0
        },
        "ROC-AUC": {
            "1": 0.9922990232907588,
            "2": 0.7976190476190477,
            "3": 0.7883367139959432
        }
    }
}