{"GNB": {"accuracy": 0.6363636363636364, "recall": {"1": 0.9545454545454546, "2": 0.4603174603174603, "3": 0.7068965517241379}, "precision": {"1": 0.6176470588235294, "2": 0.6590909090909091, "3": 0.6307692307692307}, "f1_score": {"1": 0.75, "2": 0.5420560747663551, "3": 0.6666666666666666}, "ROC-AUC": {"1": 0.9451540195341849, "2": 0.6830357142857143, "3": 0.7525354969574036}}, "SVM-RBF": {"accuracy": 0.8041958041958042, "recall": {"1": 0.9545454545454546, "2": 0.8412698412698413, "3": 0.7068965517241379}, "precision": {"1": 0.84, "2": 0.7681159420289855, "3": 0.8367346938775511}, "f1_score": {"1": 0.8936170212765958, "2": 0.8030303030303031, "3": 0.7663551401869159}}, "CART": {"accuracy": 0.7272727272727273, "recall": {"1": 0.9545454545454546, "2": 0.7777777777777778, "3": 0.5862068965517241}, "precision": {"1": 0.9545454545454546, "2": 0.6712328767123288, "3": 0.7083333333333334}, "f1_score": {"1": 0.9545454545454546, "2": 0.7205882352941178, "3": 0.6415094339622641}, "ROC-AUC": {"1": 0.9731404958677686, "2": 0.7388888888888888, "3": 0.7107505070993915}}, "kNN": {"accuracy": 0.7482517482517482, "recall": {"1": 0.9090909090909091, "2": 0.8412698412698413, "3": 0.5862068965517241}, "precision": {"1": 0.8333333333333334, "2": 0.6883116883116883, "3": 0.8095238095238095}, "f1_score": {"1": 0.8695652173913043, "2": 0.7571428571428571, "3": 0.68}, "ROC-AUC": {"1": 0.9725770097670925, "2": 0.839781746031746, "3": 0.8361054766734279}}, "Ensemble": {"accuracy": 0.7692307692307693, "recall": {"1": 0.9545454545454546, "2": 0.8888888888888888, "3": 0.5689655172413793}, "precision": {"1": 0.875, "2": 0.7, "3": 0.8461538461538461}, "f1_score": {"1": 0.9130434782608695, "2": 0.7832167832167831, "3": 0.6804123711340206}}, "XGB": {"accuracy": 0.7622377622377622, "recall": {"1": 0.9545454545454546, "2": 0.8888888888888888, "3": 0.5517241379310345}, "precision": {"1": 0.9130434782608695, "2": 0.691358024691358, "3": 0.8205128205128205}, "f1_score": {"1": 0.9333333333333332, "2": 0.7777777777777778, "3": 0.6597938144329897}, "ROC-AUC": {"1": 0.9962434259954921, "2": 0.863095238095238, "3": 0.8480730223123732}}, "LR": {"accuracy": 0.7272727272727273, "recall": {"1": 0.9545454545454546, "2": 0.8253968253968254, "3": 0.5344827586206896}, "precision": {"1": 0.875, "2": 0.6666666666666666, "3": 0.7560975609756098}, "f1_score": {"1": 0.9130434782608695, "2": 0.7375886524822695, "3": 0.6262626262626262}, "ROC-AUC": {"1": 0.9962434259954921, "2": 0.804563492063492, "3": 0.7973630831643002}}, "RF": {"accuracy": 0.7272727272727273, "recall": {"1": 0.9545454545454546, "2": 0.8412698412698413, "3": 0.5172413793103449}, "precision": {"1": 0.875, "2": 0.6625, "3": 0.7692307692307693}, "f1_score": {"1": 0.9130434782608695, "2": 0.7412587412587412, "3": 0.6185567010309279}, "ROC-AUC": {"1": 0.9898572501878288, "2": 0.8577380952380952, "3": 0.8401622718052738}}, "SVM-Lin": {"accuracy": 0.7272727272727273, "recall": {"1": 0.9545454545454546, "2": 0.8571428571428571, "3": 0.5}, "precision": {"1": 0.875, "2": 0.6585365853658537, "3": 0.7837837837837838}, "f1_score": {"1": 0.9130434782608695, "2": 0.7448275862068966, "3": 0.6105263157894737}}, "SVM-Sig": {"accuracy": 0.5734265734265734, "recall": {"1": 0.8636363636363636, "2": 1.0, "3": 0.0}, "precision": {"1": 0.95, "2": 0.5121951219512195, "3": 0.0}, "f1_score": {"1": 0.9047619047619048, "2": 0.6774193548387097, "3": 0.0}}, "ADA": {"accuracy": 0.5804195804195804, "recall": {"1": 0.9090909090909091, "2": 1.0, "3": 0.0}, "precision": {"1": 0.9523809523809523, "2": 0.5163934426229508, "3": 0.0}, "f1_score": {"1": 0.9302325581395349, "2": 0.6810810810810811, "3": 0.0}, "ROC-AUC": {"1": 0.9904207362885049, "2": 0.7063492063492064, "3": 0.7739350912778905}}}