{"n_rows":{"0":715},"n_columns":{"0":434},"column_names":{"0":"['feature_1', 'feature_2', 'feature_3', '...', 'feature_432', 'feature_433', 'label']"},"row_example":{"0":"[1.3113, 1.3093, 1.2225, '...', 0.084531, 0.042246, 3]"},"n_values":{"0":310310},"n_squamous":{"0":159},"n_ndbe":{"0":320},"n_neoplasia":{"0":236},"n_zeroes":{"0":715},"n_nulls":{"0":0},"n_negatives":{"0":57},"dtypes":{"0":"[dtype('float64'), dtype('int64')]"},"n_float64":{"0":433},"n_int64":{"0":1},"n_unique":{"0":145211},"top10_ranges":{"0":"{'feature_127': 5.10342, 'feature_128': 5.0939499999999995, 'feature_123': 5.01679, 'feature_129': 4.96903, 'feature_131': 4.956600000000001, 'feature_125': 4.9508399999999995, 'feature_126': 4.921209999999999, 'feature_130': 4.91711, 'feature_120': 4.877619999999999, 'feature_119': 4.86939}"},"bottom10_ranges":{"0":"{'feature_355': 0.17462, 'feature_357': 0.17762, 'feature_353': 0.17836, 'feature_358': 0.17855, 'feature_356': 0.17867943, 'feature_354': 0.18157572000000002, 'feature_359': 0.18625, 'feature_360': 0.18784, 'feature_344': 0.1892599999999999, 'feature_345': 0.18952}"}}