{
    "my_balanced": {
        "all": {
            "accuracy": 0.7957422324510932,
            "neoplasia recall": 0.7057010785824345
        },
        "top6": {
            "accuracy": 0.8407172995780591,
            "recall": 0.7542372881355933
        }
    },
    "balanced": {
        "all": {
            "accuracy": 0.7888888888888889,
            "neoplasia recall": 0.4258373205741627
        },
        "top6": {
            "accuracy": 0.8185185185185184,
            "recall": 0.5350877192982456
        }
    },
    "snv_balanced": {
        "all": {
            "accuracy": 0.7797979797979798,
            "neoplasia recall": 0.41148325358851673
        },
        "top6": {
            "accuracy": 0.8185185185185184,
            "recall": 0.43859649122807015
        }
    },
    "snv_my_balanced": {
        "all": {
            "accuracy": 0.7767548906789412,
            "neoplasia recall": 0.7072419106317411
        },
        "top6": {
            "accuracy": 0.830168776371308,
            "recall": 0.7401129943502824
        }
    },
    "FS_my_balanced": {
        "all": {
            "accuracy": 0.7750287686996548,
            "neoplasia recall": 0.6964560862865947
        },
        "top6": {
            "accuracy": 0.8586497890295358,
            "recall": 0.7994350282485877
        }
    },
    "raw": {
        "all": {
            "accuracy": 0.7596948506039415,
            "neoplasia recall": 0.5768025078369906
        },
        "top6": {
            "accuracy": 0.8251748251748253,
            "recall": 0.6494252873563219
        }
    },
    "FSv2_my_balanced": {
        "all": {
            "accuracy": 0.7520138089758344,
            "neoplasia recall": 0.6887519260400615
        },
        "top6": {
            "accuracy": 0.7964135021097046,
            "recall": 0.6977401129943502
        }
    },
    "snv_raw": {
        "all": {
            "accuracy": 0.7298156389065479,
            "neoplasia recall": 0.5407523510971788
        },
        "top6": {
            "accuracy": 0.8065268065268065,
            "recall": 0.6436781609195402
        }
    },
    "feature_select": {
        "all": {
            "accuracy": 0.7253655435473617,
            "neoplasia recall": 0.5172413793103448
        },
        "top6": {
            "accuracy": 0.8146853146853147,
            "recall": 0.632183908045977
        }
    },
    "feature_selectv2": {
        "all": {
            "accuracy": 0.715829624920534,
            "neoplasia recall": 0.4952978056426333
        },
        "top6": {
            "accuracy": 0.775058275058275,
            "recall": 0.6149425287356323
        }
    }
}