{
    "snv_balanced": {
        "all": {
            "accuracy": 0.7797979797979798,
            "neoplasia recall": 0.41148325358851673
        },
        "top6": {
            "accuracy": 0.8185185185185184,
            "recall": 0.43859649122807015
        }
    },
    "balanced": {
        "all": {
            "accuracy": 0.7888888888888889,
            "neoplasia recall": 0.4258373205741627
        },
        "top6": {
            "accuracy": 0.8185185185185184,
            "recall": 0.5350877192982456
        }
    },
    "my_balanced": {
        "all": {
            "accuracy": 0.7957422324510932,
            "neoplasia recall": 0.7057010785824345
        },
        "top6": {
            "accuracy": 0.8407172995780591,
            "recall": 0.7542372881355933
        }
    }
}