{
    "snv_balanced": {
        "accuracy": 0.7797979797979798,
        "neoplasia recall": 0.41148325358851673
    }
}