{
    "snv_balanced": {
        "accuracy": 0.7797979797979798,
        "neoplasia recall": 0.41148325358851673
    },
    "balanced": {
        "accuracy": 0.7484848484848485,
        "neoplasia recall": 0.43540669856459324
    },
    "my_balanced": {
        "all": {
            "accuracy": 1.2543153049482163,
            "neoplasia recall": 1.1171032357473036
        },
        "top6": {
            "accuracy": 0.0,
            "recall": 0.0
        }
    }
}