{
    "snv_balanced": {
        "accuracy": 0.7797979797979798,
        "neoplasia recall": 0.41148325358851673
    },
    "balanced": {
        "accuracy": 0.7484848484848485,
        "neoplasia recall": 0.43540669856459324
    },
    "my_balanced": {
        "all": {
            "accuracy": 0.7957422324510932,
            "neoplasia recall": 0.7057010785824345
        },
        "top6": {
            "accuracy": 0.8407172995780591,
            "recall": 0.7542372881355933
        }
    }
}