{
    "snv_FS_my_balanced": {
        "all": {
            "accuracy": 0.7974683544303798,
            "neoplasia recall": 0.7473035439137132
        },
        "top6": {
            "accuracy": 0.8618143459915611,
            "recall": 0.7853107344632769
        }
    },
    "my_balanced": {
        "all": {
            "accuracy": 0.7957422324510932,
            "neoplasia recall": 0.7057010785824345
        },
        "top6": {
            "accuracy": 0.8407172995780591,
            "recall": 0.7542372881355933
        }
    },
    "balanced": {
        "all": {
            "accuracy": 0.7888888888888889,
            "neoplasia recall": 0.4258373205741627
        },
        "top6": {
            "accuracy": 0.8185185185185184,
            "recall": 0.5350877192982456
        }
    },
    "snv_FS_balanced": {
        "all": {
            "accuracy": 0.7888888888888889,
            "neoplasia recall": 0.4449760765550239
        },
        "top6": {
            "accuracy": 0.8296296296296295,
            "recall": 0.5263157894736842
        }
    },
    "snv_balanced": {
        "all": {
            "accuracy": 0.7797979797979798,
            "neoplasia recall": 0.41148325358851673
        },
        "top6": {
            "accuracy": 0.8185185185185184,
            "recall": 0.43859649122807015
        }
    },
    "snv_my_balanced": {
        "all": {
            "accuracy": 0.7767548906789412,
            "neoplasia recall": 0.7072419106317411
        },
        "top6": {
            "accuracy": 0.830168776371308,
            "recall": 0.7401129943502824
        }
    },
    "FS_my_balanced": {
        "all": {
            "accuracy": 0.7750287686996548,
            "neoplasia recall": 0.6964560862865947
        },
        "top6": {
            "accuracy": 0.8586497890295358,
            "recall": 0.7994350282485877
        }
    },
    "augmented": {
        "all": {
            "accuracy": 0.7685950413223139,
            "neoplasia recall": 0.6818181818181818
        },
        "top6": {
            "accuracy": 0.8111888111888111,
            "recall": 0.6752873563218391
        }
    },
    "raw": {
        "all": {
            "accuracy": 0.7596948506039415,
            "neoplasia recall": 0.5768025078369906
        },
        "top6": {
            "accuracy": 0.8251748251748253,
            "recall": 0.6494252873563219
        }
    },
    "augmentedv3": {
        "all": {
            "accuracy": 0.7520661157024794,
            "neoplasia recall": 0.7147335423197493
        },
        "top6": {
            "accuracy": 0.8076923076923076,
            "recall": 0.7212643678160919
        }
    },
    "FSv2_my_balanced": {
        "all": {
            "accuracy": 0.7520138089758344,
            "neoplasia recall": 0.6887519260400615
        },
        "top6": {
            "accuracy": 0.7964135021097046,
            "recall": 0.6977401129943502
        }
    },
    "augmentedv2": {
        "all": {
            "accuracy": 0.7507946598855689,
            "neoplasia recall": 0.6880877742946709
        },
        "top6": {
            "accuracy": 0.8158508158508159,
            "recall": 0.6781609195402298
        }
    },
    "smote": {
        "all": {
            "accuracy": 0.7488874761602033,
            "neoplasia recall": 0.6786833855799372
        },
        "top6": {
            "accuracy": 0.8135198135198135,
            "recall": 0.6494252873563218
        }
    },
    "my_balancedv2": {
        "all": {
            "accuracy": 0.7425301970756517,
            "neoplasia recall": 0.7163009404388715
        },
        "top6": {
            "accuracy": 0.8006993006993007,
            "recall": 0.6954022988505747
        }
    },
    "svmsmote": {
        "all": {
            "accuracy": 0.7387158296249204,
            "neoplasia recall": 0.6802507836990596
        },
        "top6": {
            "accuracy": 0.8286713286713286,
            "recall": 0.6839080459770116
        }
    },
    "augmented_FS": {
        "all": {
            "accuracy": 0.7380801017164653,
            "neoplasia recall": 0.6739811912225705
        },
        "top6": {
            "accuracy": 0.7983682983682984,
            "recall": 0.7097701149425287
        }
    },
    "snv_raw": {
        "all": {
            "accuracy": 0.7298156389065479,
            "neoplasia recall": 0.5407523510971788
        },
        "top6": {
            "accuracy": 0.8065268065268065,
            "recall": 0.6436781609195402
        }
    },
    "augmentedv2_FS": {
        "all": {
            "accuracy": 0.7291799109980928,
            "neoplasia recall": 0.5893416927899687
        },
        "top6": {
            "accuracy": 0.7960372960372961,
            "recall": 0.6609195402298851
        }
    },
    "snv_augmentedv3": {
        "all": {
            "accuracy": 0.7285441830896378,
            "neoplasia recall": 0.7382445141065831
        },
        "top6": {
            "accuracy": 0.8053613053613052,
            "recall": 0.735632183908046
        }
    },
    "feature_select": {
        "all": {
            "accuracy": 0.7253655435473617,
            "neoplasia recall": 0.5172413793103448
        },
        "top6": {
            "accuracy": 0.8146853146853147,
            "recall": 0.632183908045977
        }
    },
    "feature_selectv2": {
        "all": {
            "accuracy": 0.715829624920534,
            "neoplasia recall": 0.4952978056426333
        },
        "top6": {
            "accuracy": 0.775058275058275,
            "recall": 0.6149425287356323
        }
    },
    "augmentedv3_FS": {
        "all": {
            "accuracy": 0.7024793388429752,
            "neoplasia recall": 0.731974921630094
        },
        "top6": {
            "accuracy": 0.7948717948717948,
            "recall": 0.7413793103448275
        }
    }
}