{
    "RF": {
        "accuracy": 0.8741258741258742,
        "recall": {
            "1": 0.9545454545454546,
            "2": 0.9682539682539683,
            "3": 0.7413793103448276
        },
        "precision": {
            "1": 1,
            "2": 0.8026315789473685,
            "3": 0.9347826086956522
        },
        "f1_score": {
            "1": 0.9767441860465117,
            "2": 0.8776978417266187,
            "3": 0.826923076923077
        },
        "ROC-AUC": {
            "1": 0.9973703981968445,
            "2": 0.9346230158730159,
            "3": 0.9287018255578093
        }
    },
    "kNN": {
        "accuracy": 0.8321678321678322,
        "recall": {
            "1": 0.9545454545454546,
            "2": 0.8888888888888888,
            "3": 0.7241379310344828
        },
        "precision": {
            "1": 0.9545454545454546,
            "2": 0.7777777777777778,
            "3": 0.8571428571428571
        },
        "f1_score": {
            "1": 0.9545454545454546,
            "2": 0.8296296296296296,
            "3": 0.7850467289719627
        },
        "ROC-AUC": {
            "1": 0.9731404958677686,
            "2": 0.8444444444444444,
            "3": 0.8208924949290061
        }
    },
    "Ensemble": {
        "accuracy": 0.8321678321678322,
        "recall": {
            "1": 0.9545454545454546,
            "2": 0.9365079365079365,
            "3": 0.6724137931034483
        },
        "precision": {
            "1": 0.84,
            "2": 0.7763157894736842,
            "3": 0.9285714285714286
        },
        "f1_score": {
            "1": 0.8936170212765958,
            "2": 0.8489208633093525,
            "3": 0.78
        }
    },
    "XGB": {
        "accuracy": 0.8251748251748252,
        "recall": {
            "1": 0.9545454545454546,
            "2": 0.9206349206349206,
            "3": 0.6724137931034483
        },
        "precision": {
            "1": 0.84,
            "2": 0.7733333333333333,
            "3": 0.9069767441860465
        },
        "f1_score": {
            "1": 0.8936170212765958,
            "2": 0.8405797101449275,
            "3": 0.7722772277227723
        },
        "ROC-AUC": {
            "1": 0.992862509391435,
            "2": 0.9251984126984127,
            "3": 0.9182555780933063
        }
    },
    "SVM-RBF": {
        "accuracy": 0.8111888111888111,
        "recall": {
            "1": 0.9545454545454546,
            "2": 0.9047619047619048,
            "3": 0.6551724137931034
        },
        "precision": {
            "1": 0.875,
            "2": 0.7702702702702703,
            "3": 0.8444444444444444
        },
        "f1_score": {
            "1": 0.9130434782608695,
            "2": 0.832116788321168,
            "3": 0.7378640776699029
        }
    },
    "CART": {
        "accuracy": 0.7972027972027972,
        "recall": {
            "1": 0.9545454545454546,
            "2": 0.8888888888888888,
            "3": 0.6379310344827587
        },
        "precision": {
            "1": 0.875,
            "2": 0.7368421052631579,
            "3": 0.8604651162790697
        },
        "f1_score": {
            "1": 0.9130434782608695,
            "2": 0.8057553956834532,
            "3": 0.7326732673267328
        },
        "ROC-AUC": {
            "1": 0.9648760330578512,
            "2": 0.8194444444444444,
            "3": 0.7836713995943205
        }
    },
    "LR": {
        "accuracy": 0.7132867132867133,
        "recall": {
            "1": 0.8636363636363636,
            "2": 0.7142857142857143,
            "3": 0.6551724137931034
        },
        "precision": {
            "1": 0.76,
            "2": 0.703125,
            "3": 0.7037037037037037
        },
        "f1_score": {
            "1": 0.8085106382978724,
            "2": 0.7086614173228346,
            "3": 0.6785714285714286
        },
        "ROC-AUC": {
            "1": 0.98572501878287,
            "2": 0.8109126984126984,
            "3": 0.8154158215010141
        }
    },
    "SVM-Lin": {
        "accuracy": 0.6993006993006993,
        "recall": {
            "1": 0.9545454545454546,
            "2": 0.6825396825396826,
            "3": 0.6206896551724138
        },
        "precision": {
            "1": 0.7777777777777778,
            "2": 0.6935483870967742,
            "3": 0.6666666666666666
        },
        "f1_score": {
            "1": 0.8571428571428572,
            "2": 0.6880000000000001,
            "3": 0.6428571428571429
        }
    },
    "GNB": {
        "accuracy": 0.6363636363636364,
        "recall": {
            "1": 1,
            "2": 0.42857142857142855,
            "3": 0.7241379310344828
        },
        "precision": {
            "1": 0.5641025641025641,
            "2": 0.6923076923076923,
            "3": 0.6461538461538462
        },
        "f1_score": {
            "1": 0.7213114754098361,
            "2": 0.5294117647058824,
            "3": 0.6829268292682927
        },
        "ROC-AUC": {
            "1": 0.9380165289256197,
            "2": 0.7452380952380953,
            "3": 0.7728194726166329
        }
    },
    "ADA": {
        "accuracy": 0.6013986013986014,
        "recall": {
            "1": 0.9545454545454546,
            "2": 0.6031746031746031,
            "3": 0.46551724137931033
        },
        "precision": {
            "1": 0.8076923076923077,
            "2": 0.5671641791044776,
            "3": 0.54
        },
        "f1_score": {
            "1": 0.875,
            "2": 0.5846153846153845,
            "3": 0.5
        },
        "ROC-AUC": {
            "1": 0.9917355371900827,
            "2": 0.639186507936508,
            "3": 0.7175456389452333
        }
    },
    "SVM-Sig": {
        "accuracy": 0.5034965034965035,
        "recall": {
            "1": 0.8636363636363636,
            "2": 0,
            "3": 0.9137931034482759
        },
        "precision": {
            "1": 0.8636363636363636,
            "2": 0,
            "3": 0.4491525423728814
        },
        "f1_score": {
            "1": 0.8636363636363636,
            "2": 0,
            "3": 0.6022727272727273
        }
    }
}