{
    "RF": {
        "accuracy": 0.8333333333333334,
        "recall": {
            "1": 0.96875,
            "2": 0.8461538461538461,
            "3": 0.5789473684210527
        },
        "precision": {
            "1": 0.9117647058823529,
            "2": 0.8461538461538461,
            "3": 0.6470588235294118
        },
        "f1_score": {
            "1": 0.9393939393939394,
            "2": 0.8461538461538461,
            "3": 0.6111111111111113
        },
        "ROC-AUC": {
            "1": 0.9964978448275862,
            "2": 0.9597787833081951,
            "3": 0.8765752409191995
        }
    },
    "XGB": {
        "accuracy": 0.8333333333333334,
        "recall": {
            "1": 1,
            "2": 0.8461538461538461,
            "3": 0.5263157894736842
        },
        "precision": {
            "1": 0.9411764705882353,
            "2": 0.825,
            "3": 0.625
        },
        "f1_score": {
            "1": 0.9696969696969697,
            "2": 0.8354430379746836,
            "3": 0.5714285714285714
        },
        "ROC-AUC": {
            "1": 0.9886853448275863,
            "2": 0.9331322272498743,
            "3": 0.8139362490733877
        }
    },
    "LR": {
        "accuracy": 0.8222222222222222,
        "recall": {
            "1": 1,
            "2": 0.8461538461538461,
            "3": 0.47368421052631576
        },
        "precision": {
            "1": 0.9142857142857143,
            "2": 0.825,
            "3": 0.6
        },
        "f1_score": {
            "1": 0.955223880597015,
            "2": 0.8354430379746836,
            "3": 0.5294117647058824
        },
        "ROC-AUC": {
            "1": 0.9897629310344828,
            "2": 0.9336349924585219,
            "3": 0.8013343217197925
        }
    },
    "SVM-Lin": {
        "accuracy": 0.8222222222222222,
        "recall": {
            "1": 1,
            "2": 0.8205128205128205,
            "3": 0.5263157894736842
        },
        "precision": {
            "1": 0.9411764705882353,
            "2": 0.8205128205128205,
            "3": 0.5882352941176471
        },
        "f1_score": {
            "1": 0.9696969696969697,
            "2": 0.8205128205128205,
            "3": 0.5555555555555555
        }
    },
    "Ensemble": {
        "accuracy": 0.8111111111111111,
        "recall": {
            "1": 1,
            "2": 0.7948717948717948,
            "3": 0.5263157894736842
        },
        "precision": {
            "1": 0.8888888888888888,
            "2": 0.8378378378378378,
            "3": 0.5882352941176471
        },
        "f1_score": {
            "1": 0.9411764705882353,
            "2": 0.8157894736842105,
            "3": 0.5555555555555555
        }
    },
    "ADA": {
        "accuracy": 0.7888888888888889,
        "recall": {
            "1": 1,
            "2": 1,
            "3": 0
        },
        "precision": {
            "1": 0.9142857142857143,
            "2": 0.7090909090909091,
            "3": 0
        },
        "f1_score": {
            "1": 0.955223880597015,
            "2": 0.8297872340425533,
            "3": 0
        },
        "ROC-AUC": {
            "1": 0.9816810344827587,
            "2": 0.8431372549019607,
            "3": 0.6567828020756116
        }
    },
    "kNN": {
        "accuracy": 0.7777777777777778,
        "recall": {
            "1": 1,
            "2": 0.7948717948717948,
            "3": 0.3684210526315789
        },
        "precision": {
            "1": 0.7804878048780488,
            "2": 0.775,
            "3": 0.7777777777777778
        },
        "f1_score": {
            "1": 0.8767123287671234,
            "2": 0.7848101265822786,
            "3": 0.5
        },
        "ROC-AUC": {
            "1": 0.9313038793103449,
            "2": 0.8255404725992962,
            "3": 0.7479614529280949
        }
    },
    "CART": {
        "accuracy": 0.7666666666666667,
        "recall": {
            "1": 0.9375,
            "2": 0.7692307692307693,
            "3": 0.47368421052631576
        },
        "precision": {
            "1": 0.9090909090909091,
            "2": 0.7692307692307693,
            "3": 0.5
        },
        "f1_score": {
            "1": 0.923076923076923,
            "2": 0.7692307692307693,
            "3": 0.4864864864864865
        },
        "ROC-AUC": {
            "1": 0.9385775862068966,
            "2": 0.7895927601809954,
            "3": 0.6656782802075611
        }
    },
    "SVM-RBF": {
        "accuracy": 0.7666666666666667,
        "recall": {
            "1": 0.90625,
            "2": 0.7435897435897436,
            "3": 0.5789473684210527
        },
        "precision": {
            "1": 0.9354838709677419,
            "2": 0.8285714285714286,
            "3": 0.4583333333333333
        },
        "f1_score": {
            "1": 0.9206349206349206,
            "2": 0.7837837837837838,
            "3": 0.5116279069767442
        }
    },
    "SVM-Sig": {
        "accuracy": 0.7111111111111111,
        "recall": {
            "1": 1,
            "2": 0.8205128205128205,
            "3": 0
        },
        "precision": {
            "1": 0.7272727272727273,
            "2": 0.6956521739130435,
            "3": 0
        },
        "f1_score": {
            "1": 0.8421052631578948,
            "2": 0.7529411764705882,
            "3": 0
        }
    },
    "GNB": {
        "accuracy": 0.6444444444444445,
        "recall": {
            "1": 1,
            "2": 0.4358974358974359,
            "3": 0.47368421052631576
        },
        "precision": {
            "1": 0.7441860465116279,
            "2": 0.7727272727272727,
            "3": 0.36
        },
        "f1_score": {
            "1": 0.8533333333333333,
            "2": 0.5573770491803278,
            "3": 0.40909090909090906
        },
        "ROC-AUC": {
            "1": 0.9137931034482759,
            "2": 0.8733031674208145,
            "3": 0.7175685693106005
        }
    }
}