{
    "XGB": {
        "accuracy": 0.8333333333333334,
        "recall": {
            "1": 1,
            "2": 0.8461538461538461,
            "3": 0.5263157894736842
        },
        "precision": {
            "1": 0.9411764705882353,
            "2": 0.825,
            "3": 0.625
        },
        "f1_score": {
            "1": 0.9696969696969697,
            "2": 0.8354430379746836,
            "3": 0.5714285714285714
        },
        "ROC-AUC": {
            "1": 0.9886853448275863,
            "2": 0.9331322272498743,
            "3": 0.8139362490733877
        }
    },
    "RF": {
        "accuracy": 0.8222222222222222,
        "recall": {
            "1": 0.96875,
            "2": 0.8205128205128205,
            "3": 0.5789473684210527
        },
        "precision": {
            "1": 0.9117647058823529,
            "2": 0.8421052631578947,
            "3": 0.6111111111111112
        },
        "f1_score": {
            "1": 0.9393939393939394,
            "2": 0.8311688311688312,
            "3": 0.5945945945945946
        },
        "ROC-AUC": {
            "1": 0.9964978448275862,
            "2": 0.9597787833081951,
            "3": 0.8758339510748703
        }
    },
    "Ensemble": {
        "accuracy": 0.8222222222222222,
        "recall": {
            "1": 1,
            "2": 0.7948717948717948,
            "3": 0.5789473684210527
        },
        "precision": {
            "1": 0.9142857142857143,
            "2": 0.8611111111111112,
            "3": 0.5789473684210527
        },
        "f1_score": {
            "1": 0.955223880597015,
            "2": 0.8266666666666667,
            "3": 0.5789473684210527
        }
    },
    "SVM-Lin": {
        "accuracy": 0.8111111111111111,
        "recall": {
            "1": 1,
            "2": 0.8461538461538461,
            "3": 0.42105263157894735
        },
        "precision": {
            "1": 0.9411764705882353,
            "2": 0.7857142857142857,
            "3": 0.5714285714285714
        },
        "f1_score": {
            "1": 0.9696969696969697,
            "2": 0.8148148148148148,
            "3": 0.48484848484848486
        }
    },
    "LR": {
        "accuracy": 0.8,
        "recall": {
            "1": 1,
            "2": 0.8205128205128205,
            "3": 0.42105263157894735
        },
        "precision": {
            "1": 0.9411764705882353,
            "2": 0.7804878048780488,
            "3": 0.5333333333333333
        },
        "f1_score": {
            "1": 0.9696969696969697,
            "2": 0.8,
            "3": 0.47058823529411764
        },
        "ROC-AUC": {
            "1": 0.9908405172413792,
            "2": 0.8924082453494218,
            "3": 0.776871756856931
        }
    },
    "kNN": {
        "accuracy": 0.8,
        "recall": {
            "1": 0.90625,
            "2": 0.7692307692307693,
            "3": 0.6842105263157895
        },
        "precision": {
            "1": 0.9666666666666667,
            "2": 0.8108108108108109,
            "3": 0.5652173913043478
        },
        "f1_score": {
            "1": 0.9354838709677419,
            "2": 0.7894736842105263,
            "3": 0.6190476190476191
        },
        "ROC-AUC": {
            "1": 0.9445043103448275,
            "2": 0.8159879336349926,
            "3": 0.7716827279466271
        }
    },
    "SVM-RBF": {
        "accuracy": 0.8,
        "recall": {
            "1": 1,
            "2": 0.7692307692307693,
            "3": 0.5263157894736842
        },
        "precision": {
            "1": 0.9142857142857143,
            "2": 0.8108108108108109,
            "3": 0.5555555555555556
        },
        "f1_score": {
            "1": 0.955223880597015,
            "2": 0.7894736842105263,
            "3": 0.5405405405405405
        }
    },
    "ADA": {
        "accuracy": 0.7888888888888889,
        "recall": {
            "1": 1,
            "2": 1,
            "3": 0
        },
        "precision": {
            "1": 0.9142857142857143,
            "2": 0.7090909090909091,
            "3": 0
        },
        "f1_score": {
            "1": 0.955223880597015,
            "2": 0.8297872340425533,
            "3": 0
        },
        "ROC-AUC": {
            "1": 0.9816810344827587,
            "2": 0.8431372549019607,
            "3": 0.6567828020756116
        }
    },
    "CART": {
        "accuracy": 0.7666666666666667,
        "recall": {
            "1": 0.9375,
            "2": 0.7692307692307693,
            "3": 0.47368421052631576
        },
        "precision": {
            "1": 0.9090909090909091,
            "2": 0.7692307692307693,
            "3": 0.5
        },
        "f1_score": {
            "1": 0.923076923076923,
            "2": 0.7692307692307693,
            "3": 0.4864864864864865
        },
        "ROC-AUC": {
            "1": 0.9385775862068966,
            "2": 0.7895927601809954,
            "3": 0.6656782802075611
        }
    },
    "SVM-Sig": {
        "accuracy": 0.7666666666666667,
        "recall": {
            "1": 0.9375,
            "2": 1,
            "3": 0
        },
        "precision": {
            "1": 0.9375,
            "2": 0.6724137931034483,
            "3": 0
        },
        "f1_score": {
            "1": 0.9375,
            "2": 0.8041237113402061,
            "3": 0
        }
    },
    "GNB": {
        "accuracy": 0.6444444444444445,
        "recall": {
            "1": 1,
            "2": 0.4358974358974359,
            "3": 0.47368421052631576
        },
        "precision": {
            "1": 0.7441860465116279,
            "2": 0.7727272727272727,
            "3": 0.36
        },
        "f1_score": {
            "1": 0.8533333333333333,
            "2": 0.5573770491803278,
            "3": 0.40909090909090906
        },
        "ROC-AUC": {
            "1": 0.9137931034482759,
            "2": 0.8733031674208145,
            "3": 0.7175685693106005
        }
    }
}