{
    "Ensemble": {
        "accuracy": 0.8391608391608392,
        "recall": {
            "1": 0.9545454545454546,
            "2": 0.9682539682539683,
            "3": 0.6551724137931034
        },
        "precision": {
            "1": 0.9130434782608695,
            "2": 0.7721518987341772,
            "3": 0.926829268292683
        },
        "f1_score": {
            "1": 0.9333333333333332,
            "2": 0.8591549295774649,
            "3": 0.7676767676767676
        }
    },
    "RF": {
        "accuracy": 0.8321678321678322,
        "recall": {
            "1": 0.9090909090909091,
            "2": 0.9841269841269841,
            "3": 0.6379310344827587
        },
        "precision": {
            "1": 0.9523809523809523,
            "2": 0.7469879518072289,
            "3": 0.9487179487179487
        },
        "f1_score": {
            "1": 0.9302325581395349,
            "2": 0.8493150684931506,
            "3": 0.7628865979381444
        },
        "ROC-AUC": {
            "1": 0.9996243425995492,
            "2": 0.9373015873015873,
            "3": 0.9335699797160244
        }
    },
    "kNN": {
        "accuracy": 0.8251748251748252,
        "recall": {
            "1": 0.9545454545454546,
            "2": 0.8888888888888888,
            "3": 0.7068965517241379
        },
        "precision": {
            "1": 0.9545454545454546,
            "2": 0.7671232876712328,
            "3": 0.8541666666666666
        },
        "f1_score": {
            "1": 0.9545454545454546,
            "2": 0.8235294117647058,
            "3": 0.7735849056603773
        },
        "ROC-AUC": {
            "1": 0.9731404958677686,
            "2": 0.8381944444444444,
            "3": 0.8122718052738336
        }
    },
    "XGB": {
        "accuracy": 0.8251748251748252,
        "recall": {
            "1": 0.8636363636363636,
            "2": 0.9682539682539683,
            "3": 0.6551724137931034
        },
        "precision": {
            "1": 0.95,
            "2": 0.7439024390243902,
            "3": 0.926829268292683
        },
        "f1_score": {
            "1": 0.9047619047619048,
            "2": 0.8413793103448277,
            "3": 0.7676767676767676
        },
        "ROC-AUC": {
            "1": 0.9977460555972952,
            "2": 0.9202380952380952,
            "3": 0.9121703853955375
        }
    },
    "SVM-RBF": {
        "accuracy": 0.8041958041958042,
        "recall": {
            "1": 0.9090909090909091,
            "2": 0.9047619047619048,
            "3": 0.6551724137931034
        },
        "precision": {
            "1": 0.8695652173913043,
            "2": 0.7702702702702703,
            "3": 0.8260869565217391
        },
        "f1_score": {
            "1": 0.888888888888889,
            "2": 0.832116788321168,
            "3": 0.7307692307692308
        }
    },
    "ADA": {
        "accuracy": 0.7552447552447552,
        "recall": {
            "1": 0.9090909090909091,
            "2": 0.8571428571428571,
            "3": 0.5862068965517241
        },
        "precision": {
            "1": 0.9523809523809523,
            "2": 0.6835443037974683,
            "3": 0.7906976744186046
        },
        "f1_score": {
            "1": 0.9302325581395349,
            "2": 0.7605633802816901,
            "3": 0.6732673267326732
        },
        "ROC-AUC": {
            "1": 0.9926746806912097,
            "2": 0.7646825396825396,
            "3": 0.7881338742393509
        }
    },
    "CART": {
        "accuracy": 0.7482517482517482,
        "recall": {
            "1": 0.8636363636363636,
            "2": 0.8412698412698413,
            "3": 0.603448275862069
        },
        "precision": {
            "1": 0.7916666666666666,
            "2": 0.7162162162162162,
            "3": 0.7777777777777778
        },
        "f1_score": {
            "1": 0.8260869565217391,
            "2": 0.7737226277372262,
            "3": 0.6796116504854369
        },
        "ROC-AUC": {
            "1": 0.9111570247933884,
            "2": 0.7893849206349207,
            "3": 0.7429006085192698
        }
    },
    "LR": {
        "accuracy": 0.7342657342657343,
        "recall": {
            "1": 1,
            "2": 0.6349206349206349,
            "3": 0.7413793103448276
        },
        "precision": {
            "1": 0.88,
            "2": 0.7547169811320755,
            "3": 0.6615384615384615
        },
        "f1_score": {
            "1": 0.9361702127659575,
            "2": 0.6896551724137931,
            "3": 0.6991869918699186
        },
        "ROC-AUC": {
            "1": 0.9969947407963936,
            "2": 0.830952380952381,
            "3": 0.8202839756592292
        }
    },
    "SVM-Lin": {
        "accuracy": 0.6993006993006993,
        "recall": {
            "1": 0.9545454545454546,
            "2": 0.7301587301587301,
            "3": 0.5689655172413793
        },
        "precision": {
            "1": 0.7777777777777778,
            "2": 0.6764705882352942,
            "3": 0.6875
        },
        "f1_score": {
            "1": 0.8571428571428572,
            "2": 0.7022900763358779,
            "3": 0.6226415094339622
        }
    },
    "GNB": {
        "accuracy": 0.6643356643356644,
        "recall": {
            "1": 1,
            "2": 0.49206349206349204,
            "3": 0.7241379310344828
        },
        "precision": {
            "1": 0.6470588235294118,
            "2": 0.7045454545454546,
            "3": 0.6461538461538462
        },
        "f1_score": {
            "1": 0.7857142857142858,
            "2": 0.5794392523364486,
            "3": 0.6829268292682927
        },
        "ROC-AUC": {
            "1": 0.9504132231404958,
            "2": 0.7795634920634921,
            "3": 0.7599391480730223
        }
    },
    "SVM-Sig": {
        "accuracy": 0.5104895104895105,
        "recall": {
            "1": 0.8636363636363636,
            "2": 0,
            "3": 0.9310344827586207
        },
        "precision": {
            "1": 0.95,
            "2": 0,
            "3": 0.453781512605042
        },
        "f1_score": {
            "1": 0.9047619047619048,
            "2": 0,
            "3": 0.6101694915254237
        }
    }
}