{"RF": {"accuracy": 0.8461538461538461, "recall": {"1": 0.9090909090909091, "2": 0.9841269841269841, "3": 0.6724137931034483}, "precision": {"1": 0.9523809523809523, "2": 0.7560975609756098, "3": 0.975}, "f1_score": {"1": 0.9302325581395349, "2": 0.8551724137931035, "3": 0.7959183673469388}, "ROC-AUC": {"1": 0.9992486851990985, "2": 0.9339285714285713, "3": 0.9314401622718053}}, "kNN": {"accuracy": 0.8391608391608392, "recall": {"1": 0.9090909090909091, "2": 0.8888888888888888, "3": 0.7586206896551724}, "precision": {"1": 0.9523809523809523, "2": 0.7887323943661971, "3": 0.8627450980392157}, "f1_score": {"1": 0.9302325581395349, "2": 0.835820895522388, "3": 0.8073394495412843}, "ROC-AUC": {"1": 0.9504132231404959, "2": 0.8506944444444444, "3": 0.8381338742393508}}, "Ensemble": {"accuracy": 0.8391608391608392, "recall": {"1": 0.9090909090909091, "2": 0.9682539682539683, "3": 0.6724137931034483}, "precision": {"1": 0.9090909090909091, "2": 0.7625, "3": 0.9512195121951219}, "f1_score": {"1": 0.9090909090909091, "2": 0.8531468531468531, "3": 0.7878787878787878}}, "CART": {"accuracy": 0.8251748251748252, "recall": {"1": 0.8636363636363636, "2": 0.8888888888888888, "3": 0.7413793103448276}, "precision": {"1": 0.95, "2": 0.7671232876712328, "3": 0.86}, "f1_score": {"1": 0.9047619047619048, "2": 0.8235294117647058, "3": 0.7962962962962963}, "ROC-AUC": {"1": 0.9673178061607813, "2": 0.8875, "3": 0.8843813387423934}}, "XGB": {"accuracy": 0.8251748251748252, "recall": {"1": 0.9545454545454546, "2": 0.9523809523809523, "3": 0.6379310344827587}, "precision": {"1": 0.9545454545454546, "2": 0.7407407407407407, "3": 0.925}, "f1_score": {"1": 0.9545454545454546, "2": 0.8333333333333334, "3": 0.7551020408163266}, "ROC-AUC": {"1": 0.9988730277986476, "2": 0.9208333333333333, "3": 0.9089249492900608}}, "SVM-RBF": {"accuracy": 0.7832167832167832, "recall": {"1": 0.9545454545454546, "2": 0.8412698412698413, "3": 0.6551724137931034}, "precision": {"1": 0.875, "2": 0.7571428571428571, "3": 0.7755102040816326}, "f1_score": {"1": 0.9130434782608695, "2": 0.7969924812030075, "3": 0.7102803738317757}}, "SVM-Lin": {"accuracy": 0.7622377622377622, "recall": {"1": 1.0, "2": 0.7142857142857143, "3": 0.7241379310344828}, "precision": {"1": 0.8461538461538461, "2": 0.7758620689655172, "3": 0.711864406779661}, "f1_score": {"1": 0.9166666666666666, "2": 0.7438016528925621, "3": 0.717948717948718}}, "ADA": {"accuracy": 0.7552447552447552, "recall": {"1": 0.9090909090909091, "2": 0.8571428571428571, "3": 0.5862068965517241}, "precision": {"1": 0.9523809523809523, "2": 0.6835443037974683, "3": 0.7906976744186046}, "f1_score": {"1": 0.9302325581395349, "2": 0.7605633802816901, "3": 0.6732673267326732}, "ROC-AUC": {"1": 0.9922990232907588, "2": 0.7976190476190477, "3": 0.7883367139959432}}, "GNB": {"accuracy": 0.6783216783216783, "recall": {"1": 0.9090909090909091, "2": 0.5396825396825397, "3": 0.7413793103448276}, "precision": {"1": 0.7142857142857143, "2": 0.7083333333333334, "3": 0.6417910447761194}, "f1_score": {"1": 0.8, "2": 0.6126126126126126, "3": 0.688}, "ROC-AUC": {"1": 0.9650638617580766, "2": 0.7950396825396825, "3": 0.7563894523326572}}, "SVM-Sig": {"accuracy": 0.6643356643356644, "recall": {"1": 0.8181818181818182, "2": 0.7142857142857143, "3": 0.5517241379310345}, "precision": {"1": 0.72, "2": 0.6521739130434783, "3": 0.6530612244897959}, "f1_score": {"1": 0.7659574468085107, "2": 0.6818181818181819, "3": 0.5981308411214952}}}