{"RF": {"accuracy": 0.8601398601398601, "recall": {"1": 0.9090909090909091, "2": 0.9682539682539683, "3": 0.7241379310344828}, "precision": {"1": 0.9090909090909091, "2": 0.7922077922077922, "3": 0.9545454545454546}, "f1_score": {"1": 0.9090909090909091, "2": 0.8714285714285714, "3": 0.823529411764706}, "ROC-AUC": {"1": 0.9975582268970697, "2": 0.9317460317460318, "3": 0.9238336713995943}}, "SVM-RBF": {"accuracy": 0.8461538461538461, "recall": {"1": 0.9545454545454546, "2": 0.9365079365079365, "3": 0.7068965517241379}, "precision": {"1": 0.84, "2": 0.8194444444444444, "3": 0.8913043478260869}, "f1_score": {"1": 0.8936170212765958, "2": 0.874074074074074, "3": 0.7884615384615384}}, "Ensemble": {"accuracy": 0.8391608391608392, "recall": {"1": 0.9545454545454546, "2": 0.9523809523809523, "3": 0.6724137931034483}, "precision": {"1": 0.875, "2": 0.7692307692307693, "3": 0.9512195121951219}, "f1_score": {"1": 0.9130434782608695, "2": 0.8510638297872339, "3": 0.7878787878787878}}, "XGB": {"accuracy": 0.8041958041958042, "recall": {"1": 0.9090909090909091, "2": 0.9206349206349206, "3": 0.6379310344827587}, "precision": {"1": 0.9090909090909091, "2": 0.725, "3": 0.9024390243902439}, "f1_score": {"1": 0.9090909090909091, "2": 0.8111888111888111, "3": 0.7474747474747474}, "ROC-AUC": {"1": 0.9969947407963937, "2": 0.9045634920634921, "3": 0.8926977687626775}}, "kNN": {"accuracy": 0.7762237762237763, "recall": {"1": 0.9090909090909091, "2": 0.8095238095238095, "3": 0.6896551724137931}, "precision": {"1": 0.9090909090909091, "2": 0.7391304347826086, "3": 0.7692307692307693}, "f1_score": {"1": 0.9090909090909091, "2": 0.7727272727272727, "3": 0.7272727272727274}, "ROC-AUC": {"1": 0.9462809917355374, "2": 0.7922619047619048, "3": 0.774239350912779}}, "CART": {"accuracy": 0.7692307692307693, "recall": {"1": 0.8181818181818182, "2": 0.873015873015873, "3": 0.6379310344827587}, "precision": {"1": 0.9, "2": 0.7236842105263158, "3": 0.7872340425531915}, "f1_score": {"1": 0.8571428571428572, "2": 0.7913669064748201, "3": 0.7047619047619048}, "ROC-AUC": {"1": 0.9008264462809918, "2": 0.8044642857142857, "3": 0.7591277890466531}}, "ADA": {"accuracy": 0.7552447552447552, "recall": {"1": 0.9090909090909091, "2": 0.8571428571428571, "3": 0.5862068965517241}, "precision": {"1": 0.9523809523809523, "2": 0.6835443037974683, "3": 0.7906976744186046}, "f1_score": {"1": 0.9302325581395349, "2": 0.7605633802816901, "3": 0.6732673267326732}, "ROC-AUC": {"1": 0.9930503380916604, "2": 0.7952380952380952, "3": 0.7879310344827586}}, "LR": {"accuracy": 0.7342657342657343, "recall": {"1": 0.9090909090909091, "2": 0.7777777777777778, "3": 0.6206896551724138}, "precision": {"1": 0.8, "2": 0.7101449275362319, "3": 0.7346938775510204}, "f1_score": {"1": 0.8510638297872342, "2": 0.7424242424242424, "3": 0.6728971962616822}, "ROC-AUC": {"1": 0.987603305785124, "2": 0.7740079365079364, "3": 0.7663286004056795}}, "SVM-Lin": {"accuracy": 0.7132867132867133, "recall": {"1": 0.9545454545454546, "2": 0.7301587301587301, "3": 0.603448275862069}, "precision": {"1": 0.7777777777777778, "2": 0.696969696969697, "3": 0.7}, "f1_score": {"1": 0.8571428571428572, "2": 0.7131782945736433, "3": 0.6481481481481481}}, "GNB": {"accuracy": 0.6573426573426573, "recall": {"1": 1.0, "2": 0.47619047619047616, "3": 0.7241379310344828}, "precision": {"1": 0.6470588235294118, "2": 0.6976744186046512, "3": 0.6363636363636364}, "f1_score": {"1": 0.7857142857142858, "2": 0.5660377358490566, "3": 0.6774193548387097}, "ROC-AUC": {"1": 0.9504132231404958, "2": 0.763095238095238, "3": 0.7720081135902637}}, "SVM-Sig": {"accuracy": 0.5034965034965035, "recall": {"1": 0.6818181818181818, "2": 0.015873015873015872, "3": 0.9655172413793104}, "precision": {"1": 1.0, "2": 0.3333333333333333, "3": 0.448}, "f1_score": {"1": 0.8108108108108109, "2": 0.030303030303030304, "3": 0.6120218579234973}}}