{"SVM-RBF": {"accuracy": 0.8741258741258742, "recall": {"1": 0.9545454545454546, "2": 0.9206349206349206, "3": 0.7931034482758621}, "precision": {"1": 0.9130434782608695, "2": 0.8285714285714286, "3": 0.92}, "f1_score": {"1": 0.9333333333333332, "2": 0.8721804511278196, "3": 0.851851851851852}}, "XGB": {"accuracy": 0.8251748251748252, "recall": {"1": 1.0, "2": 0.9206349206349206, "3": 0.6551724137931034}, "precision": {"1": 0.88, "2": 0.7631578947368421, "3": 0.9047619047619048}, "f1_score": {"1": 0.9361702127659575, "2": 0.8345323741007195, "3": 0.7599999999999999}, "ROC-AUC": {"1": 0.998121712997746, "2": 0.9212301587301588, "3": 0.9081135902636918}}, "Ensemble": {"accuracy": 0.8251748251748252, "recall": {"1": 1.0, "2": 0.9047619047619048, "3": 0.6724137931034483}, "precision": {"1": 0.8148148148148148, "2": 0.7808219178082192, "3": 0.9069767441860465}, "f1_score": {"1": 0.8979591836734693, "2": 0.8382352941176471, "3": 0.7722772277227723}}, "RF": {"accuracy": 0.8181818181818182, "recall": {"1": 1.0, "2": 0.9206349206349206, "3": 0.6379310344827587}, "precision": {"1": 0.88, "2": 0.7532467532467533, "3": 0.9024390243902439}, "f1_score": {"1": 0.9361702127659575, "2": 0.8285714285714286, "3": 0.7474747474747474}, "ROC-AUC": {"1": 1.0, "2": 0.9157738095238095, "3": 0.9213995943204868}}, "kNN": {"accuracy": 0.8111888111888111, "recall": {"1": 0.9545454545454546, "2": 0.8571428571428571, "3": 0.7068965517241379}, "precision": {"1": 0.9130434782608695, "2": 0.7714285714285715, "3": 0.82}, "f1_score": {"1": 0.9333333333333332, "2": 0.81203007518797, "3": 0.7592592592592593}, "ROC-AUC": {"1": 0.96900826446281, "2": 0.8285714285714286, "3": 0.8005070993914807}}, "CART": {"accuracy": 0.8041958041958042, "recall": {"1": 0.8636363636363636, "2": 0.8571428571428571, "3": 0.7241379310344828}, "precision": {"1": 0.8636363636363636, "2": 0.782608695652174, "3": 0.8076923076923077}, "f1_score": {"1": 0.8636363636363636, "2": 0.8181818181818182, "3": 0.7636363636363636}, "ROC-AUC": {"1": 0.9188580015026298, "2": 0.8479166666666667, "3": 0.8245436105476673}}, "LR": {"accuracy": 0.6783216783216783, "recall": {"1": 0.9090909090909091, "2": 0.6666666666666666, "3": 0.603448275862069}, "precision": {"1": 0.8, "2": 0.65625, "3": 0.6481481481481481}, "f1_score": {"1": 0.8510638297872342, "2": 0.6614173228346457, "3": 0.625}, "ROC-AUC": {"1": 0.9891059353869271, "2": 0.7769841269841269, "3": 0.769371196754564}}, "SVM-Lin": {"accuracy": 0.6713286713286714, "recall": {"1": 1.0, "2": 0.6666666666666666, "3": 0.5517241379310345}, "precision": {"1": 0.8148148148148148, "2": 0.6363636363636364, "3": 0.64}, "f1_score": {"1": 0.8979591836734693, "2": 0.6511627906976744, "3": 0.5925925925925927}}, "GNB": {"accuracy": 0.6223776223776224, "recall": {"1": 1.0, "2": 0.3968253968253968, "3": 0.7241379310344828}, "precision": {"1": 0.5945945945945946, "2": 0.6756756756756757, "3": 0.6086956521739131}, "f1_score": {"1": 0.7457627118644068, "2": 0.5, "3": 0.6614173228346457}, "ROC-AUC": {"1": 0.9421487603305785, "2": 0.7412698412698413, "3": 0.7543610547667343}}, "ADA": {"accuracy": 0.5524475524475524, "recall": {"1": 1.0, "2": 0.9047619047619048, "3": 0.0}, "precision": {"1": 0.7096774193548387, "2": 0.5089285714285714, "3": 0.0}, "f1_score": {"1": 0.8301886792452831, "2": 0.6514285714285714, "3": 0.0}, "ROC-AUC": {"1": 0.9924868519909843, "2": 0.6211309523809524, "3": 0.6420892494929007}}, "SVM-Sig": {"accuracy": 0.5454545454545454, "recall": {"1": 1.0, "2": 0.1746031746031746, "3": 0.7758620689655172}, "precision": {"1": 0.5365853658536586, "2": 0.6111111111111112, "3": 0.5357142857142857}, "f1_score": {"1": 0.6984126984126985, "2": 0.2716049382716049, "3": 0.6338028169014084}}}