{
    "GNB": {
        "accuracy": 0.6083916083916084,
        "recall": {
            "1": 0.9545454545454546,
            "2": 0.36507936507936506,
            "3": 0.7413793103448276
        },
        "precision": {
            "1": 0.6363636363636364,
            "2": 0.6388888888888888,
            "3": 0.581081081081081
        },
        "f1_score": {
            "1": 0.7636363636363637,
            "2": 0.4646464646464646,
            "3": 0.6515151515151516
        },
        "ROC-AUC": {
            "1": 0.9521036814425244,
            "2": 0.7623015873015873,
            "3": 0.7435091277890467
        }
    },
    "SVM-RBF": {
        "accuracy": 0.8321678321678322,
        "recall": {
            "1": 0.9545454545454546,
            "2": 0.9047619047619048,
            "3": 0.7068965517241379
        },
        "precision": {
            "1": 0.875,
            "2": 0.7916666666666666,
            "3": 0.8723404255319149
        },
        "f1_score": {
            "1": 0.9130434782608695,
            "2": 0.8444444444444444,
            "3": 0.780952380952381
        }
    },
    "kNN": {
        "accuracy": 0.7762237762237763,
        "recall": {
            "1": 0.9545454545454546,
            "2": 0.8095238095238095,
            "3": 0.6724137931034483
        },
        "precision": {
            "1": 0.9130434782608695,
            "2": 0.7285714285714285,
            "3": 0.78
        },
        "f1_score": {
            "1": 0.9333333333333332,
            "2": 0.7669172932330828,
            "3": 0.7222222222222223
        },
        "ROC-AUC": {
            "1": 0.96900826446281,
            "2": 0.7860119047619047,
            "3": 0.771501014198783
        }
    },
    "XGB": {
        "accuracy": 0.8111888111888111,
        "recall": {
            "1": 0.9545454545454546,
            "2": 0.8888888888888888,
            "3": 0.6724137931034483
        },
        "precision": {
            "1": 0.875,
            "2": 0.7567567567567568,
            "3": 0.8666666666666667
        },
        "f1_score": {
            "1": 0.9130434782608695,
            "2": 0.8175182481751826,
            "3": 0.7572815533980582
        },
        "ROC-AUC": {
            "1": 0.998121712997746,
            "2": 0.9138888888888889,
            "3": 0.8997971602434077
        }
    },
    "Ensemble": {
        "accuracy": 0.8181818181818182,
        "recall": {
            "1": 0.9545454545454546,
            "2": 0.9206349206349206,
            "3": 0.6551724137931034
        },
        "precision": {
            "1": 0.875,
            "2": 0.7532467532467533,
            "3": 0.9047619047619048
        },
        "f1_score": {
            "1": 0.9130434782608695,
            "2": 0.8285714285714286,
            "3": 0.7599999999999999
        }
    },
    "CART": {
        "accuracy": 0.7552447552447552,
        "recall": {
            "1": 0.7727272727272727,
            "2": 0.8571428571428571,
            "3": 0.6379310344827587
        },
        "precision": {
            "1": 0.9444444444444444,
            "2": 0.7105263157894737,
            "3": 0.7551020408163265
        },
        "f1_score": {
            "1": 0.85,
            "2": 0.776978417266187,
            "3": 0.6915887850467289
        },
        "ROC-AUC": {
            "1": 0.899511645379414,
            "2": 0.8673611111111111,
            "3": 0.8216024340770791
        }
    },
    "LR": {
        "accuracy": 0.7552447552447552,
        "recall": {
            "1": 0.7727272727272727,
            "2": 0.8571428571428571,
            "3": 0.6379310344827587
        },
        "precision": {
            "1": 0.9444444444444444,
            "2": 0.7105263157894737,
            "3": 0.7551020408163265
        },
        "f1_score": {
            "1": 0.85,
            "2": 0.776978417266187,
            "3": 0.6915887850467289
        },
        "ROC-AUC": {
            "1": 0.899511645379414,
            "2": 0.8673611111111111,
            "3": 0.8216024340770791
        }
    },
    "RF": {
        "accuracy": 0.7832167832167832,
        "recall": {
            "1": 0.9090909090909091,
            "2": 0.8888888888888888,
            "3": 0.6206896551724138
        },
        "precision": {
            "1": 0.9090909090909091,
            "2": 0.717948717948718,
            "3": 0.8372093023255814
        },
        "f1_score": {
            "1": 0.9090909090909091,
            "2": 0.7943262411347517,
            "3": 0.7128712871287128
        },
        "ROC-AUC": {
            "1": 0.9951164537941397,
            "2": 0.8951388888888889,
            "3": 0.87920892494929
        }
    },
    "ADA": {
        "accuracy": 0.7552447552447552,
        "recall": {
            "1": 0.9090909090909091,
            "2": 0.8571428571428571,
            "3": 0.5862068965517241
        },
        "precision": {
            "1": 0.9523809523809523,
            "2": 0.6835443037974683,
            "3": 0.7906976744186046
        },
        "f1_score": {
            "1": 0.9302325581395349,
            "2": 0.7605633802816901,
            "3": 0.6732673267326732
        },
        "ROC-AUC": {
            "1": 0.9930503380916604,
            "2": 0.7952380952380952,
            "3": 0.7879310344827586
        }
    },
    "SVM-Lin": {
        "accuracy": 0.6713286713286714,
        "recall": {
            "1": 1,
            "2": 0.6984126984126984,
            "3": 0.5172413793103449
        },
        "precision": {
            "1": 0.7586206896551724,
            "2": 0.6376811594202898,
            "3": 0.6666666666666666
        },
        "f1_score": {
            "1": 0.8627450980392156,
            "2": 0.6666666666666666,
            "3": 0.5825242718446603
        }
    },
    "SVM-Sig": {
        "accuracy": 0.45454545454545453,
        "recall": {
            "1": 0,
            "2": 1,
            "3": 0.034482758620689655
        },
        "precision": {
            "1": 0,
            "2": 0.5163934426229508,
            "3": 0.09523809523809523
        },
        "f1_score": {
            "1": 0,
            "2": 0.6810810810810811,
            "3": 0.050632911392405056
        }
    }
}