{"SVM-Sig": {"accuracy": 0.3706293706293706, "recall": {"1": 0.0, "2": 0.0, "3": 0.9137931034482759}, "precision": {"1": 0.0, "2": 0.0, "3": 0.38686131386861317}, "f1_score": {"1": 0.0, "2": 0.0, "3": 0.5435897435897437}}, "ADA": {"accuracy": 0.6643356643356644, "recall": {"1": 0.9090909090909091, "2": 0.42857142857142855, "3": 0.8275862068965517}, "precision": {"1": 0.9523809523809523, "2": 0.7105263157894737, "3": 0.5714285714285714}, "f1_score": {"1": 0.9302325581395349, "2": 0.5346534653465346, "3": 0.676056338028169}, "ROC-AUC": {"1": 0.9926746806912096, "2": 0.7401785714285715, "3": 0.7354969574036512}}, "CART": {"accuracy": 0.7902097902097902, "recall": {"1": 0.9545454545454546, "2": 0.746031746031746, "3": 0.7758620689655172}, "precision": {"1": 0.9545454545454546, "2": 0.7833333333333333, "3": 0.7377049180327869}, "f1_score": {"1": 0.9545454545454546, "2": 0.7642276422764228, "3": 0.7563025210084033}, "ROC-AUC": {"1": 0.9731404958677686, "2": 0.7917658730158731, "3": 0.793813387423935}}, "RF": {"accuracy": 0.7972027972027972, "recall": {"1": 0.9090909090909091, "2": 0.7777777777777778, "3": 0.7758620689655172}, "precision": {"1": 0.9523809523809523, "2": 0.7777777777777778, "3": 0.7627118644067796}, "f1_score": {"1": 0.9302325581395349, "2": 0.7777777777777778, "3": 0.7692307692307694}, "ROC-AUC": {"1": 0.9988730277986476, "2": 0.9257936507936507, "3": 0.9184584178498986}}, "SVM-RBF": {"accuracy": 0.8041958041958042, "recall": {"1": 0.9545454545454546, "2": 0.7936507936507936, "3": 0.7586206896551724}, "precision": {"1": 0.8076923076923077, "2": 0.8064516129032258, "3": 0.8}, "f1_score": {"1": 0.875, "2": 0.7999999999999999, "3": 0.7787610619469026}}, "GNB": {"accuracy": 0.6013986013986014, "recall": {"1": 0.9545454545454546, "2": 0.3492063492063492, "3": 0.7413793103448276}, "precision": {"1": 0.6363636363636364, "2": 0.6285714285714286, "3": 0.5733333333333334}, "f1_score": {"1": 0.7636363636363637, "2": 0.44897959183673464, "3": 0.6466165413533834}, "ROC-AUC": {"1": 0.9521036814425244, "2": 0.7573412698412698, "3": 0.7323529411764707}}, "kNN": {"accuracy": 0.7972027972027972, "recall": {"1": 0.9545454545454546, "2": 0.7936507936507936, "3": 0.7413793103448276}, "precision": {"1": 1.0, "2": 0.7575757575757576, "3": 0.7678571428571429}, "f1_score": {"1": 0.9767441860465117, "2": 0.7751937984496123, "3": 0.7543859649122806}, "ROC-AUC": {"1": 0.9772727272727273, "2": 0.7968253968253969, "3": 0.7942190669371197}}, "Ensemble": {"accuracy": 0.7972027972027972, "recall": {"1": 0.9545454545454546, "2": 0.8095238095238095, "3": 0.7241379310344828}, "precision": {"1": 0.9545454545454546, "2": 0.7611940298507462, "3": 0.7777777777777778}, "f1_score": {"1": 0.9545454545454546, "2": 0.7846153846153846, "3": 0.75}}, "XGB": {"accuracy": 0.7832167832167832, "recall": {"1": 1.0, "2": 0.8095238095238095, "3": 0.6724137931034483}, "precision": {"1": 0.9565217391304348, "2": 0.7391304347826086, "3": 0.7647058823529411}, "f1_score": {"1": 0.9777777777777777, "2": 0.7727272727272727, "3": 0.7155963302752292}, "ROC-AUC": {"1": 0.9981217129977461, "2": 0.9057539682539683, "3": 0.8945233265720083}}, "SVM-Lin": {"accuracy": 0.6503496503496503, "recall": {"1": 1.0, "2": 0.6031746031746031, "3": 0.5689655172413793}, "precision": {"1": 0.7586206896551724, "2": 0.6333333333333333, "3": 0.6111111111111112}, "f1_score": {"1": 0.8627450980392156, "2": 0.6178861788617885, "3": 0.5892857142857143}}, "LR": {"accuracy": 0.6713286713286714, "recall": {"1": 0.9545454545454546, "2": 0.6825396825396826, "3": 0.5517241379310345}, "precision": {"1": 0.8076923076923077, "2": 0.6515151515151515, "3": 0.6274509803921569}, "f1_score": {"1": 0.875, "2": 0.6666666666666666, "3": 0.5871559633027523}, "ROC-AUC": {"1": 0.996619083395943, "2": 0.7313492063492064, "3": 0.7148073022312375}}}